respondent_id,h1n1_vaccine
4757,0.2327576
4758,0.107256316
4759,0.11891092
4760,0.28286928
4761,0.092369534
4762,0.70196795
4763,0.78013563
4764,0.86047024
4765,0.92139727
4766,0.4765585
4767,0.1803669
4768,0.9234911
4769,0.80919576
4770,0.28954265
4771,0.08618009
4772,0.44688192
4773,0.41311178
4774,0.3613474
4775,0.4684762
4776,0.4819233
4777,0.2776416
4778,0.56949276
4779,0.20241158
4780,0.9515105
4781,0.05873187
4782,0.30216205
4783,0.3731331
4784,0.143552
4785,0.18556856
4786,0.8606949
4787,0.24001503
4788,0.11733012
4789,0.54844016
4790,0.9547317
4791,0.10604731
4792,0.73777217
4793,0.47346175
4794,0.9017686
4795,0.17244115
4796,0.1487484
4797,0.18617086
4798,0.9748454
4799,0.3721217
4800,0.11550004
4801,0.109940626
4802,0.36010918
4803,0.091104075
4804,0.6554713
4805,0.33642852
4806,0.13608712
4807,0.030715236
4808,0.51713264
4809,0.40744823
4810,0.67199945
4811,0.8436321
4812,0.22148299
4813,0.24833043
4814,0.3030736
4815,0.12015397
4816,0.63807523
4817,0.28706828
4818,0.13977714
4819,0.28276393
4820,0.8140277
4821,0.658407
4822,0.54832774
4823,0.6798651
4824,0.2788173
4825,0.17564367
4826,0.09785751
4827,0.88148934
4828,0.11088566
4829,0.8962481
4830,0.57359517
4831,0.22556014
4832,0.32727787
4833,0.06259702
4834,0.8168044
4835,0.85029453
4836,0.40478936
4837,0.58862364
4838,0.29115835
4839,0.13977712
4840,0.37892777
4841,0.6818319
4842,0.70614445
4843,0.08213206
4844,0.1560346
4845,0.108480684
4846,0.2740039
4847,0.032659203
4848,0.1323839
4849,0.48800018
4850,0.1383771
4851,0.14863819
4852,0.18875575
4853,0.088594854
4854,0.81497574
4855,0.9319784
4856,0.28456616
4857,0.15216085
4858,0.94031274
4859,0.24956214
4860,0.13323349
4861,0.06832839
4862,0.12433807
4863,0.22591703
4864,0.13243045
4865,0.18590194
4866,0.48899913
4867,0.11629696
4868,0.19146532
4869,0.16439092
4870,0.061703794
4871,0.20793828
4872,0.11727578
4873,0.88969624
4874,0.12958488
4875,0.30805734
4876,0.030931512
4877,0.19772534
4878,0.8381589
4879,0.8014622
4880,0.39173403
4881,0.7208929
4882,0.4516153
4883,0.16234118
4884,0.037456855
4885,0.18395527
4886,0.240898
4887,0.65173817
4888,0.37174845
4889,0.14432101
4890,0.33180612
4891,0.1979165
4892,0.34169665
4893,0.11731782
4894,0.9413803
4895,0.18824564
4896,0.8692298
4897,0.96520954
4898,0.5632167
4899,0.1550848
4900,0.13937104
4901,0.31275693
4902,0.44377613
4903,0.2936196
4904,0.9373712
4905,0.37971872
4906,0.4917289
4907,0.8288222
4908,0.8595349
4909,0.7959411
4910,0.22116822
4911,0.11931401
4912,0.09149782
4913,0.7883932
4914,0.10771615
4915,0.9005741
4916,0.1849394
4917,0.033273827
4918,0.12959364
4919,0.116706714
4920,0.59689355
4921,0.57353246
4922,0.2635164
4923,0.8251083
4924,0.15461116
4925,0.14706303
4926,0.15396792
4927,0.30892426
4928,0.10073299
4929,0.883073
4930,0.15017197
4931,0.76299053
4932,0.13298532
4933,0.9120028
4934,0.14960632
4935,0.6247992
4936,0.23021002
4937,0.44637758
4938,0.9526687
4939,0.49826002
4940,0.55183184
4941,0.78390163
4942,0.7964622
4943,0.65187615
4944,0.33233657
4945,0.8785001
4946,0.49726954
4947,0.85187906
4948,0.20153698
4949,0.16441931
4950,0.4370009
4951,0.2644157
4952,0.13822871
4953,0.21047975
4954,0.81898504
4955,0.11249712
4956,0.57272345
4957,0.9801538
4958,0.43521273
4959,0.048761602
4960,0.30509785
4961,0.78793555
4962,0.32355878
4963,0.34558094
4964,0.651247
4965,0.21419594
4966,0.32831952
4967,0.24701077
4968,0.83767164
4969,0.45352113
4970,0.95906436
4971,0.9236489
4972,0.63312066
4973,0.2017442
4974,0.23258309
4975,0.14790916
4976,0.8762356
4977,0.16789459
4978,0.9324394
4979,0.52426046
4980,0.08346442
4981,0.38237283
4982,0.680892
4983,0.20431292
4984,0.49982607
4985,0.19342808
4986,0.12617488
4987,0.71464825
4988,0.8882183
4989,0.090341754
4990,0.38873422
4991,0.2861158
4992,0.11999966
4993,0.802177
4994,0.27800962
4995,0.33588898
4996,0.2297593
4997,0.5471673
4998,0.31087127
4999,0.627361
5000,0.7000898
5001,0.23951674
5002,0.10040815
5003,0.79664326
5004,0.82783043
5005,0.38568562
5006,0.24495919
5007,0.94947064
5008,0.18440162
5009,0.12831827
5010,0.17131932
5011,0.13813776
5012,0.08241304
5013,0.13080247
5014,0.1563006
5015,0.049639557
5016,0.29260677
5017,0.6315959
5018,0.9643123
5019,0.34584153
5020,0.099136434
5021,0.67206633
5022,0.599022
5023,0.87907654
5024,0.098691106
5025,0.18246266
5026,0.247676
5027,0.27594638
5028,0.2026072
5029,0.092098266
5030,0.7554546
5031,0.4639332
5032,0.20066349
5033,0.51112574
5034,0.9166884
5035,0.17551349
5036,0.2535108
5037,0.32191557
5038,0.42557752
5039,0.18377917
5040,0.58571106
5041,0.5645489
5042,0.3771554
5043,0.903425
5044,0.80260706
5045,0.6167536
5046,0.4934465
5047,0.5439495
5048,0.276782
5049,0.13950156
5050,0.28798926
5051,0.863813
5052,0.8922003
5053,0.1335285
5054,0.15145405
5055,0.34693328
5056,0.57348686
5057,0.868302
5058,0.5432703
5059,0.94800705
5060,0.76647764
5061,0.25668496
5062,0.10293979
5063,0.14922635
5064,0.23070188
5065,0.01885229
5066,0.8990937
5067,0.8601201
5068,0.09347115
5069,0.1286001
5070,0.43212432
5071,0.33838865
5072,0.80063
5073,0.20561261
5074,0.92656416
5075,0.9368438
5076,0.4549119
5077,0.75400275
5078,0.257328
5079,0.95091814
5080,0.11581681
5081,0.17782766
5082,0.18197905
5083,0.92043185
5084,0.8124519
5085,0.2909653
5086,0.6474649
5087,0.118977435
5088,0.91075605
5089,0.8436098
5090,0.21199735
5091,0.05293521
5092,0.4717445
5093,0.31623867
5094,0.86520404
5095,0.14486988
5096,0.19650468
5097,0.38593537
5098,0.9412208
5099,0.41868833
5100,0.18873587
5101,0.08925081
5102,0.66759485
5103,0.11645115
5104,0.048031006
5105,0.21282433
5106,0.28910044
5107,0.6622749
5108,0.50937593
5109,0.09476318
5110,0.5448303
5111,0.3940282
5112,0.4918594
5113,0.855527
5114,0.06488268
5115,0.34982118
5116,0.58724296
5117,0.16503005
5118,0.5189489
5119,0.55870515
5120,0.6769605
5121,0.5336764
5122,0.43934458
5123,0.46109205
5124,0.31725067
5125,0.25618103
5126,0.2229309
5127,0.7918796
5128,0.44522372
5129,0.14982529
5130,0.6165812
5131,0.2835951
5132,0.07520621
5133,0.20361905
5134,0.12399409
5135,0.7548328
5136,0.8496972
5137,0.91321176
5138,0.90813076
5139,0.90422124
5140,0.9133087
5141,0.61281306
5142,0.33602744
5143,0.021449268
5144,0.14015435
5145,0.6522391
5146,0.17167547
5147,0.27865747
5148,0.15524584
5149,0.73132026
5150,0.11968644
5151,0.8477871
5152,0.6993488
5153,0.6077666
5154,0.96889234
5155,0.75138223
5156,0.9590477
5157,0.06620324
5158,0.40955704
5159,0.39714673
5160,0.9580046
5161,0.20714208
5162,0.81097484
5163,0.3676268
5164,0.746826
5165,0.9352409
5166,0.21830714
5167,0.06377029
5168,0.568917
5169,0.035115372
5170,0.71240604
5171,0.182958
5172,0.70944536
5173,0.20061935
5174,0.8513138
5175,0.64854914
5176,0.18148111
5177,0.7930519
5178,0.43230006
5179,0.4290938
5180,0.17009144
5181,0.0318972
5182,0.85761654
5183,0.49893036
5184,0.13777058
5185,0.1833451
5186,0.9520538
5187,0.596195
5188,0.48288706
5189,0.22621377
5190,0.2656878
5191,0.36738524
5192,0.5318554
5193,0.9074961
5194,0.3485279
5195,0.15339516
5196,0.16222212
5197,0.19680981
5198,0.07399228
5199,0.08114658
5200,0.24843022
5201,0.2342405
5202,0.823416
5203,0.746216
5204,0.4941823
5205,0.17188752
5206,0.13912585
5207,0.097801134
5208,0.19592762
5209,0.19304237
5210,0.3227149
5211,0.17911051
5212,0.58688766
5213,0.12240039
5214,0.32521108
5215,0.58537364
5216,0.025222281
5217,0.2609061
5218,0.66014415
5219,0.23383464
5220,0.69714963
5221,0.43462452
5222,0.94969654
5223,0.36557892
5224,0.37514198
5225,0.3702104
5226,0.9294741
5227,0.36486003
5228,0.124424316
5229,0.3647247
5230,0.8657278
5231,0.62577295
5232,0.40677127
5233,0.14391923
5234,0.14448266
5235,0.21041633
5236,0.4640734
5237,0.12985371
5238,0.8284356
5239,0.17840576
5240,0.9358248
5241,0.22712821
5242,0.64917254
5243,0.7227246
5244,0.47318786
5245,0.26334378
5246,0.96814984
5247,0.8852919
5248,0.47769594
5249,0.7195425
5250,0.8061126
5251,0.8409137
5252,0.85614187
5253,0.2743944
5254,0.8450026
5255,0.43006784
5256,0.43211344
5257,0.11917627
5258,0.5445245
5259,0.35320625
5260,0.7946458
5261,0.25518507
5262,0.74869955
5263,0.79303855
5264,0.21881793
5265,0.93255436
5266,0.7196487
5267,0.131708
5268,0.6423063
5269,0.080384694
5270,0.3709008
5271,0.11133945
5272,0.17371874
5273,0.32424393
5274,0.32463697
5275,0.5106703
5276,0.78722674
5277,0.16426985
5278,0.23323701
5279,0.28920963
5280,0.86739373
5281,0.9256585
5282,0.070877396
5283,0.38638183
5284,0.15286066
5285,0.28606808
5286,0.090768024
5287,0.9434142
5288,0.06076857
5289,0.20839143
5290,0.041643947
5291,0.91145706
5292,0.21596074
5293,0.23430122
5294,0.14571722
5295,0.27008528
5296,0.9412587
5297,0.8466382
5298,0.78513116
5299,0.31307536
5300,0.22235101
5301,0.088152304
5302,0.5157234
5303,0.20529853
5304,0.30478188
5305,0.08292425
5306,0.4357388
5307,0.8780411
5308,0.79807305
5309,0.9513849
5310,0.18441088
5311,0.41194636
5312,0.7849319
5313,0.1279203
5314,0.7172379
5315,0.09971294
5316,0.9500756
5317,0.084212534
5318,0.5541379
5319,0.20308158
5320,0.4898201
5321,0.92632157
5322,0.4642149
5323,0.097263254
5324,0.1069419
5325,0.9302287
5326,0.59478027
5327,0.2273406
5328,0.91273713
5329,0.84359753
5330,0.2759319
5331,0.6783869
5332,0.9387429
5333,0.17239194
5334,0.28121567
5335,0.49808866
5336,0.12782915
5337,0.9152553
5338,0.90689427
5339,0.15147334
5340,0.6253327
5341,0.04605387
5342,0.057433
5343,0.34518903
5344,0.9203245
5345,0.95814574
5346,0.8896375
5347,0.23896173
5348,0.1907148
5349,0.67287904
5350,0.5138814
5351,0.29884392
5352,0.10922377
5353,0.80412596
5354,0.7626687
5355,0.9586737
5356,0.8167158
5357,0.053236954
5358,0.3730077
5359,0.88785803
5360,0.23508132
5361,0.80947727
5362,0.19672263
5363,0.8922632
5364,0.21623808
5365,0.3848262
5366,0.8413322
5367,0.1405854
5368,0.5572225
5369,0.4456715
5370,0.11502095
5371,0.0325746
5372,0.09556544
5373,0.09756989
5374,0.26856458
5375,0.6977206
5376,0.5932
5377,0.6211469
5378,0.7430668
5379,0.8423493
5380,0.20782347
5381,0.2254473
5382,0.2538491
5383,0.48303935
5384,0.15922958
5385,0.6139468
5386,0.15475181
5387,0.9187597
5388,0.3851019
5389,0.06863753
5390,0.11724836
5391,0.20942992
5392,0.54630816
5393,0.1480774
5394,0.36883593
5395,0.23197578
5396,0.3304888
5397,0.72405267
5398,0.63683563
5399,0.39255667
5400,0.9511122
5401,0.23630287
5402,0.52796704
5403,0.15490474
5404,0.3807196
5405,0.89066464
5406,0.87435263
5407,0.9497171
5408,0.9425307
5409,0.09032283
5410,0.2887289
5411,0.7533578
5412,0.40397513
5413,0.13181533
5414,0.2732749
5415,0.33589882
5416,0.118581764
5417,0.61655647
5418,0.26958972
5419,0.44611472
5420,0.07283527
5421,0.2196825
5422,0.20970584
5423,0.15877585
5424,0.85045516
5425,0.86360073
5426,0.032558165
5427,0.6796374
5428,0.9064296
5429,0.16122903
5430,0.86072165
5431,0.34033003
5432,0.88814825
5433,0.78253007
5434,0.84904593
5435,0.7181326
5436,0.24849516
5437,0.052120425
5438,0.098493576
5439,0.14413494
5440,0.9638533
5441,0.14894843
5442,0.19545834
5443,0.31633097
5444,0.7279109
5445,0.92772806
5446,0.8152108
5447,0.44706506
5448,0.6358803
5449,0.26207075
5450,0.7516289
5451,0.27575544
5452,0.71153563
5453,0.14609526
5454,0.24457918
5455,0.32412535
5456,0.19817379
5457,0.9227976
5458,0.5369722
5459,0.18324979
5460,0.44599816
5461,0.020562423
5462,0.714088
5463,0.16253626
5464,0.30385593
5465,0.54183125
5466,0.22461665
5467,0.23199579
5468,0.82982886
5469,0.8465712
5470,0.2029288
5471,0.26365024
5472,0.33740664
5473,0.8701125
5474,0.1082375
5475,0.8815836
5476,0.12805091
5477,0.8592123
5478,0.26776257
5479,0.18095763
5480,0.3645686
5481,0.9604177
5482,0.4150466
5483,0.6006969
5484,0.108336076
5485,0.46301502
5486,0.038355667
5487,0.8704626
5488,0.19458118
5489,0.27416456
5490,0.54730254
5491,0.014329385
5492,0.75423247
5493,0.08675195
5494,0.63124603
5495,0.5510931
5496,0.9234915
5497,0.17088997
5498,0.45466676
5499,0.04831937
5500,0.15932342
5501,0.5041654
5502,0.70284295
5503,0.5285485
5504,0.82111615
5505,0.1259218
5506,0.20334193
5507,0.06029159
5508,0.37497157
5509,0.21850947
5510,0.8566086
5511,0.94022894
5512,0.41370773
5513,0.17754433
5514,0.4085492
5515,0.83865196
5516,0.19933929
5517,0.16969122
5518,0.95512134
5519,0.95392895
5520,0.3824881
5521,0.79055536
5522,0.14883403
5523,0.21843404
5524,0.8953295
5525,0.5259873
5526,0.018064586
5527,0.09731347
5528,0.6306321
5529,0.7176327
5530,0.06978711
5531,0.66623867
5532,0.4169471
5533,0.74184054
5534,0.060795754
5535,0.37583962
5536,0.9262554
5537,0.09752526
5538,0.28457725
5539,0.118002445
5540,0.8096483
5541,0.057429906
5542,0.1493139
5543,0.80152434
5544,0.71794736
5545,0.2411899
5546,0.7585964
5547,0.14999244
5548,0.57392484
5549,0.13897282
5550,0.20455317
5551,0.3716385
5552,0.812254
5553,0.15408197
5554,0.052141987
5555,0.34551805
5556,0.21204768
5557,0.72189075
5558,0.93191236
5559,0.80453587
5560,0.08046139
5561,0.4442239
5562,0.68231887
5563,0.9435286
5564,0.85664046
5565,0.844998
5566,0.056336164
5567,0.78242415
5568,0.7627142
5569,0.84199494
5570,0.68838775
5571,0.16566196
5572,0.14867829
5573,0.25215757
5574,0.07099485
5575,0.1790154
5576,0.08513799
5577,0.21677652
5578,0.7284506
5579,0.04337089
5580,0.44908226
5581,0.17527537
5582,0.43434054
5583,0.6477386
5584,0.1968294
5585,0.7099157
5586,0.9367941
5587,0.77988815
5588,0.2540316
5589,0.09080664
5590,0.09608382
5591,0.0787757
5592,0.48054838
5593,0.12868598
5594,0.47231117
5595,0.9474506
5596,0.19461186
5597,0.49195227
5598,0.3913853
5599,0.20157124
5600,0.47166303
5601,0.0744206
5602,0.9398015
5603,0.4526506
5604,0.15872692
5605,0.16820255
5606,0.107083105
5607,0.8175814
5608,0.07752954
5609,0.9518717
5610,0.027992778
5611,0.21828316
5612,0.29886386
5613,0.41574514
5614,0.11320426
5615,0.9511654
5616,0.8236438
5617,0.9420061
5618,0.039113358
5619,0.7180271
5620,0.042190447
5621,0.6583529
5622,0.93497795
5623,0.25188723
5624,0.46132448
5625,0.46390784
5626,0.29653215
5627,0.7999584
5628,0.106637865
5629,0.43225262
5630,0.54847807
5631,0.14950982
5632,0.94964826
5633,0.39169663
5634,0.8824872
5635,0.3589582
5636,0.0484402
5637,0.36612695
5638,0.41460806
5639,0.8499279
5640,0.55384874
5641,0.20846462
5642,0.67761564
5643,0.46479112
5644,0.4271015
5645,0.62154025
5646,0.19378692
5647,0.64158225
5648,0.80881107
5649,0.65299565
5650,0.82093745
5651,0.9273424
5652,0.26563084
5653,0.65742105
5654,0.66566974
5655,0.46065912
5656,0.545575
5657,0.13823779
5658,0.10565997
5659,0.7586152
5660,0.7006272
5661,0.6318829
5662,0.17828456
5663,0.4388011
5664,0.43766877
5665,0.8474804
5666,0.8199082
5667,0.15865389
5668,0.8841334
5669,0.67746663
5670,0.49240896
5671,0.4283536
5672,0.7912094
5673,0.9283338
5674,0.14988483
5675,0.16592635
5676,0.7839416
5677,0.11067517
5678,0.88849086
5679,0.90980047
5680,0.19594653
5681,0.9399267
5682,0.392531
5683,0.75307274
5684,0.1526543
5685,0.12465046
5686,0.684588
5687,0.58659244
5688,0.092908405
5689,0.6973879
5690,0.3793964
5691,0.04936135
5692,0.7345435
5693,0.16716059
5694,0.74714196
5695,0.091845736
5696,0.7178439
5697,0.19080572
5698,0.19872968
5699,0.52637017
5700,0.3278364
5701,0.21011871
5702,0.02787395
5703,0.1517253
5704,0.74432355
5705,0.47551793
5706,0.94308954
5707,0.5905416
5708,0.27176863
5709,0.27900258
5710,0.89989793
5711,0.29258987
5712,0.8630706
5713,0.45215195
5714,0.7286473
5715,0.8611654
5716,0.11371418
5717,0.15785636
5718,0.63128126
5719,0.8900185
5720,0.2910181
5721,0.1914366
5722,0.23711932
5723,0.15621038
5724,0.75457793
5725,0.23826745
5726,0.23550428
5727,0.29944128
5728,0.8114202
5729,0.86079496
5730,0.6971668
5731,0.21693455
5732,0.28356397
5733,0.16107883
5734,0.092855096
5735,0.7891187
5736,0.7055974
5737,0.9415646
5738,0.5145155
5739,0.56856364
5740,0.23518704
5741,0.26883277
5742,0.18113707
5743,0.16255476
5744,0.52301157
5745,0.09092009
5746,0.4836294
5747,0.49778566
5748,0.035841927
5749,0.24322826
5750,0.07153674
5751,0.1818765
5752,0.8702346
5753,0.23557454
5754,0.9591405
5755,0.8520628
5756,0.6046433
5757,0.061797615
5758,0.9379825
5759,0.09210401
5760,0.058461245
5761,0.89386755
5762,0.49232247
5763,0.7262053
5764,0.87711835
5765,0.13525493
5766,0.8707249
5767,0.31321523
5768,0.57199603
5769,0.8238784
5770,0.060387455
5771,0.36736572
5772,0.82587874
5773,0.07027532
5774,0.056154277
5775,0.19357745
5776,0.3923741
5777,0.80320454
5778,0.65245473
5779,0.38119525
5780,0.6281719
5781,0.27987537
5782,0.21790905
5783,0.1573477
5784,0.12271871
5785,0.96245325
5786,0.7813168
5787,0.9660385
5788,0.6286094
5789,0.31983212
5790,0.23602797
5791,0.8668706
5792,0.8052763
5793,0.4686061
5794,0.93580014
5795,0.4122692
5796,0.65507054
5797,0.30844668
5798,0.07591058
5799,0.38374755
5800,0.824972
5801,0.20839502
5802,0.0346428
5803,0.9432127
5804,0.23893161
5805,0.8882259
5806,0.21398975
5807,0.91563225
5808,0.9508828
5809,0.21145104
5810,0.93997496
5811,0.07135728
5812,0.23190211
5813,0.5230076
5814,0.113501795
5815,0.13518813
5816,0.3798484
5817,0.21173806
5818,0.13184507
5819,0.20968904
5820,0.14806288
5821,0.9796178
5822,0.09428042
5823,0.87542176
5824,0.53461695
5825,0.41710895
5826,0.7217256
5827,0.1446494
5828,0.79515123
5829,0.33033985
5830,0.05711501
5831,0.16778657
5832,0.9079141
5833,0.9074606
5834,0.37025723
5835,0.9069376
5836,0.09761889
5837,0.27140927
5838,0.14895135
5839,0.70026183
5840,0.10371919
5841,0.16902414
5842,0.96748406
5843,0.5596323
5844,0.63615066
5845,0.93320215
5846,0.5052041
5847,0.2538947
5848,0.31884274
5849,0.17561102
5850,0.9132024
5851,0.10165298
5852,0.29738557
5853,0.71549165
5854,0.4164401
5855,0.82859945
5856,0.33453462
5857,0.30479407
5858,0.3984566
5859,0.9393595
5860,0.1708372
5861,0.52192616
5862,0.8264568
5863,0.27721778
5864,0.69160587
5865,0.5296805
5866,0.13096699
5867,0.4397516
5868,0.0971817
5869,0.20031711
5870,0.82352656
5871,0.034332655
5872,0.5928897
5873,0.13477525
5874,0.36445382
5875,0.5097751
5876,0.9046202
5877,0.9725352
5878,0.9288857
5879,0.9228136
5880,0.15729737
5881,0.50625676
5882,0.9395557
5883,0.41008723
5884,0.6507116
5885,0.07967843
5886,0.8134496
5887,0.49710092
5888,0.11225897
5889,0.95212317
5890,0.6933092
5891,0.5808573
5892,0.73682743
5893,0.52886295
5894,0.2783627
5895,0.029672489
5896,0.056801844
5897,0.070127524
5898,0.95417255
5899,0.8603285
5900,0.90226215
5901,0.16840012
5902,0.4523116
5903,0.040610135
5904,0.7661014
5905,0.299371
5906,0.28897247
5907,0.14305897
5908,0.088654764
5909,0.89573765
5910,0.09903018
5911,0.8870206
5912,0.15755777
5913,0.9348278
5914,0.36258906
5915,0.25321
5916,0.07934906
5917,0.64428
5918,0.49646968
5919,0.22972526
5920,0.022592733
5921,0.18593052
5922,0.11645657
5923,0.38482013
5924,0.6875382
5925,0.1245842
5926,0.11963881
5927,0.8094575
5928,0.1576421
5929,0.8973619
5930,0.62129086
5931,0.70027417
5932,0.9548406
5933,0.15746501
5934,0.4810583
5935,0.76137877
5936,0.4178249
5937,0.56439865
5938,0.8634133
5939,0.22964022
5940,0.74720305
5941,0.10283845
5942,0.7247671
5943,0.9396002
5944,0.6302616
5945,0.9538872
5946,0.19182569
5947,0.5388722
5948,0.68205065
5949,0.20547907
5950,0.80077875
5951,0.17368588
5952,0.5080274
5953,0.4489385
5954,0.41091388
5955,0.4314181
5956,0.9325758
5957,0.30061716
5958,0.2276771
5959,0.2775684
5960,0.8635626
5961,0.8908428
5962,0.94297624
5963,0.4570628
5964,0.531618
5965,0.16289444
5966,0.52497286
5967,0.4548738
5968,0.6628803
5969,0.8940187
5970,0.11243922
5971,0.6966934
5972,0.714899
5973,0.16976973
5974,0.94478023
5975,0.23464696
5976,0.072300225
5977,0.62200546
5978,0.18533066
5979,0.58355856
5980,0.06946733
5981,0.39084315
5982,0.9265881
5983,0.9413374
5984,0.115691625
5985,0.38734785
5986,0.16415974
5987,0.15331416
5988,0.18768033
5989,0.68769896
5990,0.34070322
5991,0.3922882
5992,0.62714905
5993,0.7888818
5994,0.9422628
5995,0.06516257
5996,0.6800287
5997,0.19238314
5998,0.0323776
5999,0.35734054
6000,0.15514643
6001,0.9362086
6002,0.08722297
6003,0.12530196
6004,0.8118433
6005,0.115156785
6006,0.2779913
6007,0.25941268
6008,0.46355632
6009,0.65108985
6010,0.4071366
6011,0.7451954
6012,0.08112268
6013,0.12821253
6014,0.15133837
6015,0.51144755
6016,0.13559712
6017,0.03599055
6018,0.75758994
6019,0.5803295
6020,0.17739053
6021,0.9633249
6022,0.89663064
6023,0.06353638
6024,0.3103621
6025,0.6108847
6026,0.72808874
6027,0.17559248
6028,0.39833108
6029,0.95028645
6030,0.943955
6031,0.101164736
6032,0.23581481
6033,0.40294546
6034,0.51420975
6035,0.1057379
6036,0.86870193
6037,0.21924588
6038,0.669487
6039,0.1313145
6040,0.3414582
6041,0.37303942
6042,0.19007872
6043,0.12562115
6044,0.13444239
6045,0.29473054
6046,0.19629583
6047,0.82882994
6048,0.88105553
6049,0.9423057
6050,0.6686889
6051,0.28902376
6052,0.44166124
6053,0.35616162
6054,0.14846794
6055,0.2687227
6056,0.10307308
6057,0.8626793
6058,0.21499103
6059,0.6399349
6060,0.75819874
6061,0.16169356
6062,0.5956519
6063,0.48720703
6064,0.46179664
6065,0.50798666
6066,0.5380151
6067,0.08102719
6068,0.2604864
6069,0.96622354
6070,0.15554234
6071,0.7417726
6072,0.5111134
6073,0.5873817
6074,0.33372703
6075,0.9348362
6076,0.0439056
6077,0.9090498
6078,0.3313762
6079,0.24308814
6080,0.10617981
6081,0.6256498
6082,0.09180323
6083,0.9546311
6084,0.19686414
6085,0.6439993
6086,0.9161625
6087,0.41665632
6088,0.40237764
6089,0.09352173
6090,0.32714742
6091,0.18854643
6092,0.35378766
6093,0.1960987
6094,0.22704504
6095,0.1917096
6096,0.13306774
6097,0.6154096
6098,0.50749356
6099,0.737494
6100,0.09964083
6101,0.2639131
6102,0.43947807
6103,0.20778917
6104,0.8436599
6105,0.87529355
6106,0.57644457
6107,0.107568465
6108,0.15552144
6109,0.19137488
6110,0.47907335
6111,0.7227871
6112,0.27606115
6113,0.11621775
6114,0.81497145
6115,0.1916644
6116,0.6100381
6117,0.3362772
6118,0.2688492
6119,0.86409533
6120,0.182155
6121,0.26381338
6122,0.89833957
6123,0.17791288
6124,0.2639372
6125,0.9085526
6126,0.3293955
6127,0.2730801
6128,0.122794285
6129,0.95385116
6130,0.16061844
6131,0.0610069
6132,0.24306914
6133,0.74872077
6134,0.07505713
6135,0.7067073
6136,0.25849515
6137,0.08884567
6138,0.12898389
6139,0.58633196
6140,0.32282284
6141,0.2916821
6142,0.39240807
6143,0.13582383
6144,0.284608
6145,0.6159572
6146,0.07920055
6147,0.85838336
6148,0.93186957
6149,0.38177353
6150,0.608554
6151,0.09861959
6152,0.20409735
6153,0.88287735
6154,0.7494865
6155,0.2570201
6156,0.6212999
6157,0.15926863
6158,0.33692598
6159,0.8560286
6160,0.8178659
6161,0.56713694
6162,0.39634773
6163,0.30951154
6164,0.91262263
6165,0.0895707
6166,0.48624927
6167,0.28240305
6168,0.16793104
6169,0.7921055
6170,0.11435494
6171,0.42413163
6172,0.18210477
6173,0.21752654
6174,0.8024928
6175,0.8805298
6176,0.9468487
6177,0.3875608
6178,0.4278245
6179,0.3305132
6180,0.9488804
6181,0.6492536
6182,0.28019428
6183,0.21654284
6184,0.60193247
6185,0.14758286
6186,0.8992937
6187,0.4044312
6188,0.52705944
6189,0.39128488
6190,0.9542291
6191,0.90820575
6192,0.18388215
6193,0.25984785
6194,0.3648304
6195,0.80796075
6196,0.5328655
6197,0.5773858
6198,0.16605933
6199,0.49592683
6200,0.85746896
6201,0.08507627
6202,0.5765654
6203,0.13413973
6204,0.43816522
6205,0.089559875
6206,0.39698473
6207,0.16495961
6208,0.9436378
6209,0.7409003
6210,0.8980448
6211,0.9523505
6212,0.1845909
6213,0.64169705
6214,0.09927442
6215,0.9398237
6216,0.21688396
6217,0.89380354
6218,0.6923225
6219,0.96721685
6220,0.27544355
6221,0.72906613
6222,0.3593246
6223,0.27798173
6224,0.09404759
6225,0.4921664
6226,0.801038
6227,0.40364483
6228,0.94747114
6229,0.6358075
6230,0.20318058
6231,0.6501205
6232,0.8462887
6233,0.8676663
6234,0.24246298
6235,0.22619647
6236,0.18975434
6237,0.66221756
6238,0.19935183
6239,0.2966506
6240,0.24314506
6241,0.82139605
6242,0.07443965
6243,0.13039766
6244,0.87251246
6245,0.49232325
6246,0.14492337
6247,0.5881702
6248,0.04611659
6249,0.48684162
6250,0.22677444
6251,0.15368691
6252,0.9424573
6253,0.45518798
6254,0.6245818
6255,0.43135265
6256,0.15133624
6257,0.8120156
6258,0.1830402
6259,0.6412652
6260,0.05528771
6261,0.42271003
6262,0.8647434
6263,0.9398823
6264,0.8836026
6265,0.22674704
6266,0.8001702
6267,0.3575341
6268,0.44552147
6269,0.5123529
6270,0.37114584
6271,0.024784608
6272,0.081066996
6273,0.65241164
6274,0.69389826
6275,0.23019402
6276,0.20763527
6277,0.16690595
6278,0.31658632
6279,0.64230883
6280,0.28671554
6281,0.11110129
6282,0.92450684
6283,0.42450374
6284,0.04060631
6285,0.89209485
6286,0.37412024
6287,0.34707984
6288,0.67926586
6289,0.9176062
6290,0.8852433
6291,0.95180506
6292,0.23188731
6293,0.16976008
6294,0.9546047
6295,0.110532805
6296,0.09405184
6297,0.11502574
6298,0.7297354
6299,0.92580175
6300,0.33446747
6301,0.9063716
6302,0.44866914
6303,0.6004294
6304,0.44892222
6305,0.3927357
6306,0.1573915
6307,0.15115178
6308,0.6730449
6309,0.20026436
6310,0.76251656
6311,0.10848962
6312,0.90194404
6313,0.26166588
6314,0.20104964
6315,0.07906457
6316,0.12325494
6317,0.12815432
6318,0.78490436
6319,0.71602744
6320,0.9361801
6321,0.57593626
6322,0.47699383
6323,0.50676954
6324,0.80095303
6325,0.9045011
6326,0.9674066
6327,0.38891602
6328,0.19253692
6329,0.43276456
6330,0.6687318
6331,0.0746457
6332,0.6625304
6333,0.697102
6334,0.6482838
6335,0.7574354
6336,0.15727319
6337,0.16930322
6338,0.34703732
6339,0.7154163
6340,0.18079133
6341,0.76366436
6342,0.7063111
6343,0.6285864
6344,0.40136513
6345,0.38791022
6346,0.34006798
6347,0.6811377
6348,0.40265003
6349,0.77671975
6350,0.32273766
6351,0.8293453
6352,0.88547665
6353,0.42690724
6354,0.9352739
6355,0.21634763
6356,0.48388422
6357,0.91944116
6358,0.2209315
6359,0.4660984
6360,0.96696746
6361,0.10693438
6362,0.2411717
6363,0.30251476
6364,0.060135543
6365,0.07936902
6366,0.8448282
6367,0.2585186
6368,0.106278844
6369,0.73588276
6370,0.92144686
6371,0.07970704
6372,0.09274782
6373,0.78022385
6374,0.66701055
6375,0.104669094
6376,0.7284751
6377,0.16197702
6378,0.18051267
6379,0.058627214
6380,0.05056705
6381,0.86751264
6382,0.15121308
6383,0.17738447
6384,0.2185969
6385,0.37493533
6386,0.14854634
6387,0.3464222
6388,0.19717655
6389,0.24310522
6390,0.020320376
6391,0.9568578
6392,0.2749963
6393,0.71341974
6394,0.43297866
6395,0.8182689
6396,0.19929571
6397,0.97893405
6398,0.5985765
6399,0.3661793
6400,0.4294863
6401,0.1820322
6402,0.9679221
6403,0.9017109
6404,0.15544051
6405,0.10244981
6406,0.569492
6407,0.044904865
6408,0.54685146
6409,0.095431775
6410,0.11124048
6411,0.39332443
6412,0.45241
6413,0.9478197
6414,0.4797561
6415,0.31353432
6416,0.04416953
6417,0.25016505
6418,0.21964334
6419,0.9767586
6420,0.1825368
6421,0.18323602
6422,0.19995947
6423,0.09119279
6424,0.09102419
6425,0.1367122
6426,0.109665476
6427,0.103364
6428,0.2448137
6429,0.63046217
6430,0.9295076
6431,0.86550826
6432,0.8148845
6433,0.8204325
6434,0.06621562
6435,0.62819463
6436,0.22011435
6437,0.4894947
6438,0.06590926
6439,0.23369963
6440,0.17733169
6441,0.2718145
6442,0.924622
6443,0.69735277
6444,0.07273261
6445,0.064780325
6446,0.43402115
6447,0.27093536
6448,0.5476737
6449,0.56439656
6450,0.54873765
6451,0.24191445
6452,0.16154386
6453,0.71027863
6454,0.91095465
6455,0.24966389
6456,0.7005828
6457,0.7002127
6458,0.07029972
6459,0.3669793
6460,0.8588949
6461,0.5226336
6462,0.89192003
6463,0.9689228
6464,0.7743153
6465,0.7910526
6466,0.85325193
6467,0.180823
6468,0.39953643
6469,0.06921293
6470,0.07135925
6471,0.5408161
6472,0.2682694
6473,0.10733553
6474,0.10443357
6475,0.5561308
6476,0.5984584
6477,0.6739852
6478,0.70773304
6479,0.3376318
6480,0.17306995
6481,0.77079356
6482,0.057204608
6483,0.13286822
6484,0.04669084
6485,0.11339772
6486,0.8114203
6487,0.67008734
6488,0.12874301
6489,0.95090705
6490,0.97130775
6491,0.19675711
6492,0.5975608
6493,0.4590248
6494,0.96551216
6495,0.1599334
6496,0.8537621
6497,0.123848766
6498,0.08026438
6499,0.523493
6500,0.9594095
6501,0.42374086
6502,0.17602338
6503,0.6038078
6504,0.27295333
6505,0.24846469
6506,0.14472646
6507,0.1997781
6508,0.3288653
6509,0.106516205
6510,0.16586949
6511,0.11932089
6512,0.49313182
6513,0.23195978
6514,0.6282614
6515,0.34387985
6516,0.35230455
6517,0.26212344
6518,0.34125146
6519,0.04049349
6520,0.32950673
6521,0.8492393
6522,0.5124841
6523,0.13541847
6524,0.69284886
6525,0.5459722
6526,0.24546717
6527,0.288205
6528,0.55622035
6529,0.1393421
6530,0.9159128
6531,0.06762598
6532,0.7548126
6533,0.15189956
6534,0.9035614
6535,0.10901297
6536,0.36583793
6537,0.7950535
6538,0.22054274
6539,0.18118986
6540,0.73811936
6541,0.8516164
6542,0.96742064
6543,0.4540965
6544,0.104524
6545,0.3134405
6546,0.5008606
6547,0.49410406
6548,0.064255714
6549,0.24405979
6550,0.39718908
6551,0.76344734
6552,0.1487709
6553,0.7117998
6554,0.93474746
6555,0.57729906
6556,0.40899712
6557,0.6552462
6558,0.71684664
6559,0.08044688
6560,0.40410146
6561,0.52309865
6562,0.46604517
6563,0.9271223
6564,0.15468098
6565,0.5578742
6566,0.8278777
6567,0.0864813
6568,0.55031306
6569,0.6491535
6570,0.11154397
6571,0.20492826
6572,0.9258569
6573,0.2130169
6574,0.84840894
6575,0.68725955
6576,0.84284085
6577,0.7399653
6578,0.9062885
6579,0.20966478
6580,0.66948044
6581,0.24480055
6582,0.15104063
6583,0.23148145
6584,0.123124
6585,0.6672279
6586,0.77640176
6587,0.22756755
6588,0.045015194
6589,0.36926955
6590,0.27287444
6591,0.52007896
6592,0.4498204
6593,0.48718452
6594,0.12589034
6595,0.15362753
6596,0.22278668
6597,0.56212556
6598,0.08444301
6599,0.13656726
6600,0.037758894
6601,0.14949043
6602,0.8433737
6603,0.7855499
6604,0.12811895
6605,0.14020409
6606,0.46626276
6607,0.074921295
6608,0.26592013
6609,0.42625904
6610,0.17251536
6611,0.42946973
6612,0.3518653
6613,0.3642454
6614,0.2522571
6615,0.40581945
6616,0.8490879
6617,0.9267677
6618,0.49389726
6619,0.39083394
6620,0.6796067
6621,0.7418527
6622,0.8360598
6623,0.32719424
6624,0.9097785
6625,0.9411472
6626,0.71994966
6627,0.30988908
6628,0.17480211
6629,0.05489152
6630,0.7391542
6631,0.17166205
6632,0.95119286
6633,0.84480757
6634,0.80081904
6635,0.3072243
6636,0.7116265
6637,0.44847277
6638,0.88636905
6639,0.85419756
6640,0.1196938
6641,0.464562
6642,0.76402193
6643,0.8684021
6644,0.38687456
6645,0.47471628
6646,0.20330985
6647,0.35845393
6648,0.64877075
6649,0.3433034
6650,0.1843568
6651,0.15452679
6652,0.062234595
6653,0.37601542
6654,0.1783184
6655,0.8194546
6656,0.64713115
6657,0.88961387
6658,0.7337886
6659,0.31188926
6660,0.75657386
6661,0.9233743
6662,0.17393908
6663,0.1714832
6664,0.40467092
6665,0.4304048
6666,0.028941689
6667,0.1703382
6668,0.58568734
6669,0.4156073
6670,0.17889519
6671,0.44332454
6672,0.5167259
6673,0.27208108
6674,0.09531583
6675,0.8611926
6676,0.4180868
6677,0.45616072
6678,0.86181885
6679,0.26243702
6680,0.23228908
6681,0.5976135
6682,0.8477899
6683,0.94230634
6684,0.5064754
6685,0.82018906
6686,0.35768816
6687,0.19673946
6688,0.2677333
6689,0.1722596
6690,0.040006544
6691,0.7310934
6692,0.10885981
6693,0.29251185
6694,0.89636195
6695,0.9719601
6696,0.16985744
6697,0.9158625
6698,0.08838871
6699,0.7219576
6700,0.7721619
6701,0.048100177
6702,0.7467922
6703,0.56613445
6704,0.24072705
6705,0.12841292
6706,0.3459267
6707,0.28411716
6708,0.24633123
6709,0.7988886
6710,0.52323115
6711,0.8299378
6712,0.40119252
6713,0.9515279
6714,0.42770416
6715,0.2989926
6716,0.14260924
6717,0.15079129
6718,0.16966489
6719,0.11256531
6720,0.83131653
6721,0.76150364
6722,0.9629383
6723,0.85463226
6724,0.09544363
6725,0.40915856
6726,0.30497777
6727,0.95315754
6728,0.9574961
6729,0.5191532
6730,0.9450244
6731,0.50032955
6732,0.21728489
6733,0.24869418
6734,0.35297015
6735,0.9226172
6736,0.10554222
6737,0.7692769
6738,0.688005
6739,0.02760413
6740,0.2982758
6741,0.035080016
6742,0.3621646
6743,0.56618804
6744,0.066555545
6745,0.30494523
6746,0.065381445
6747,0.32304114
6748,0.96471393
6749,0.77318805
6750,0.21406177
6751,0.9693598
6752,0.8282631
6753,0.3103716
6754,0.40358862
6755,0.13446
6756,0.060193647
6757,0.7004695
6758,0.07206509
6759,0.22985704
6760,0.23765731
6761,0.44101727
6762,0.16260993
6763,0.43120965
6764,0.29129624
6765,0.8476107
6766,0.42196095
6767,0.89270407
6768,0.117399484
6769,0.2522324
6770,0.6994869
6771,0.31704384
6772,0.094728515
6773,0.7386982
6774,0.67625034
6775,0.20293537
6776,0.5642619
6777,0.44661045
6778,0.17073531
6779,0.27390027
6780,0.66311044
6781,0.117094904
6782,0.18436162
6783,0.06639834
6784,0.64222705
6785,0.3592485
6786,0.27299237
6787,0.9701217
6788,0.49358952
6789,0.4240758
6790,0.054992996
6791,0.21372576
6792,0.13699293
6793,0.87212515
6794,0.94818664
6795,0.24579766
6796,0.33482197
6797,0.75544214
6798,0.07215692
6799,0.7729908
6800,0.7476283
6801,0.085518606
6802,0.08640909
6803,0.19651283
6804,0.33470473
6805,0.97248095
6806,0.3717852
6807,0.50401497
6808,0.5723636
6809,0.1401082
6810,0.1415329
6811,0.48736203
6812,0.112217836
6813,0.3604164
6814,0.85170496
6815,0.334099
6816,0.034391206
6817,0.7739553
6818,0.9428594
6819,0.9707762
6820,0.28789723
6821,0.18312086
6822,0.93938535
6823,0.27765548
6824,0.87245184
6825,0.83674985
6826,0.12806346
6827,0.112572506
6828,0.16614117
6829,0.14266708
6830,0.25404656
6831,0.68959945
6832,0.5973902
6833,0.91817605
6834,0.1491476
6835,0.28340727
6836,0.50094414
6837,0.8790781
6838,0.96200734
6839,0.388492
6840,0.7605157
6841,0.75097966
6842,0.10098229
6843,0.3701273
6844,0.71343297
6845,0.9025759
6846,0.80537236
6847,0.1284258
6848,0.95611185
6849,0.102239124
6850,0.90029687
6851,0.19525011
6852,0.5056998
6853,0.050191272
6854,0.359061
6855,0.92466766
6856,0.1859853
6857,0.25170732
6858,0.41628897
6859,0.8722937
6860,0.24626654
6861,0.81763804
6862,0.7546403
6863,0.64639723
6864,0.06972315
6865,0.6334187
6866,0.12907168
6867,0.9084308
6868,0.47952455
6869,0.12030837
6870,0.3138899
6871,0.7788032
6872,0.5606624
6873,0.16298951
6874,0.2983558
6875,0.92641765
6876,0.21374846
6877,0.84103084
6878,0.78876746
6879,0.22825295
6880,0.56657314
6881,0.11367713
6882,0.830457
6883,0.032821823
6884,0.5778129
6885,0.51037955
6886,0.51211387
6887,0.7713222
6888,0.16010644
6889,0.23722737
6890,0.5311406
6891,0.81475705
6892,0.726885
6893,0.66407704
6894,0.16603331
6895,0.17362997
6896,0.75783134
6897,0.23602675
6898,0.78195584
6899,0.8592616
6900,0.29527724
6901,0.15920825
6902,0.23460244
6903,0.33456612
6904,0.6363136
6905,0.070574984
6906,0.83965343
6907,0.058234967
6908,0.61695033
6909,0.15085813
6910,0.69649357
6911,0.09287461
6912,0.7786738
6913,0.17939755
6914,0.077446915
6915,0.8825599
6916,0.7451509
6917,0.9560617
6918,0.15084927
6919,0.18270716
6920,0.082883045
6921,0.5590806
6922,0.89525133
6923,0.033700455
6924,0.4788985
6925,0.8259769
6926,0.80772907
6927,0.307514
6928,0.0614805
6929,0.036672715
6930,0.4849679
6931,0.88262004
6932,0.9372021
6933,0.9187522
6934,0.25283277
6935,0.15004012
6936,0.8070481
6937,0.40186676
6938,0.17790535
6939,0.26487237
6940,0.9615168
6941,0.75358814
6942,0.23624398
6943,0.4962884
6944,0.10544057
6945,0.41504633
6946,0.89678943
6947,0.5253272
6948,0.97340345
6949,0.25955567
6950,0.88607746
6951,0.27218443
6952,0.22826385
6953,0.7490472
6954,0.15135445
6955,0.75217414
6956,0.36787254
6957,0.408009
6958,0.1926731
6959,0.89374745
6960,0.24136625
6961,0.06301592
6962,0.4059533
6963,0.06095764
6964,0.08836372
6965,0.33561042
6966,0.1998848
6967,0.09325553
6968,0.84198636
6969,0.16148013
6970,0.069506034
6971,0.91842407
6972,0.38452917
6973,0.50806063
6974,0.69755995
6975,0.81443423
6976,0.2708789
6977,0.56169647
6978,0.1649261
6979,0.29794118
6980,0.39909852
6981,0.92888635
6982,0.17585611
6983,0.07318661
6984,0.9355729
6985,0.33391327
6986,0.4086949
6987,0.2554597
6988,0.35313174
6989,0.3630855
6990,0.23406221
6991,0.24983941
6992,0.521331
6993,0.40864152
6994,0.37296447
6995,0.0496498
6996,0.11014869
6997,0.203756
6998,0.18466395
6999,0.31280932
7000,0.4196111
7001,0.12674724
7002,0.96810853
7003,0.25011867
7004,0.39808288
7005,0.578935
7006,0.30479512
7007,0.3399133
7008,0.090276584
7009,0.51703
7010,0.38480172
7011,0.2755363
7012,0.88683265
7013,0.104308896
7014,0.20899361
7015,0.17763317
7016,0.34445387
7017,0.07664656
7018,0.26947644
7019,0.10009765
7020,0.15372726
7021,0.92154443
7022,0.7414547
7023,0.7959936
7024,0.047561362
7025,0.68002003
7026,0.117970176
7027,0.058371257
7028,0.90867156
7029,0.538714
7030,0.6770766
7031,0.111003004
7032,0.14527903
7033,0.19129272
7034,0.33107284
7035,0.38508958
7036,0.9171048
7037,0.7403997
7038,0.06453843
7039,0.81448203
7040,0.6122168
7041,0.18220776
7042,0.07026473
7043,0.8970814
7044,0.101404235
7045,0.96376646
7046,0.7742974
7047,0.3169128
7048,0.47141704
7049,0.7734671
7050,0.6888359
7051,0.19397633
7052,0.9195778
7053,0.22680432
7054,0.89775515
7055,0.36313933
7056,0.14945213
7057,0.18444042
7058,0.6208781
7059,0.9537712
7060,0.18536225
7061,0.9398727
7062,0.37364054
7063,0.3315051
7064,0.39444822
7065,0.63702756
7066,0.58711755
7067,0.32938161
7068,0.9379581
7069,0.1885362
7070,0.59882945
7071,0.40706727
7072,0.57860017
7073,0.28892538
7074,0.04752327
7075,0.21050458
7076,0.3922673
7077,0.46369377
7078,0.20182884
7079,0.20493957
7080,0.9161488
7081,0.6848722
7082,0.16221532
7083,0.52086985
7084,0.73243225
7085,0.41697922
7086,0.15131544
7087,0.5329358
7088,0.4970453
7089,0.44074264
7090,0.79842347
7091,0.9307617
7092,0.55673206
7093,0.95771843
7094,0.55265146
7095,0.09786538
7096,0.21135698
7097,0.31464422
7098,0.26773357
7099,0.22594053
7100,0.9107586
7101,0.5204066
7102,0.33470553
7103,0.46326542
7104,0.37182102
7105,0.43377724
7106,0.40991175
7107,0.91901267
7108,0.6385519
7109,0.84988844
7110,0.24926805
7111,0.29176956
7112,0.8597921
7113,0.48870423
7114,0.39158678
7115,0.18738863
7116,0.5369271
7117,0.47210532
7118,0.8610496
7119,0.1609599
7120,0.57654643
7121,0.19535619
7122,0.6415249
7123,0.91500026
7124,0.9375472
7125,0.2590843
7126,0.2813975
7127,0.27421805
7128,0.04043401
7129,0.049131557
7130,0.082736544
7131,0.7893265
7132,0.9064897
7133,0.9555316
7134,0.8537932
7135,0.16330497
7136,0.30491036
7137,0.86673874
7138,0.6790716
7139,0.86185604
7140,0.483104
7141,0.90707797
7142,0.5661334
7143,0.2230696
7144,0.06322127
7145,0.23134856
7146,0.2679391
7147,0.92683804
7148,0.8297831
7149,0.9042083
7150,0.9262784
7151,0.56167346
7152,0.27025756
7153,0.57947934
7154,0.6688392
7155,0.0268748
7156,0.13424407
7157,0.032869607
7158,0.13312148
7159,0.19666354
7160,0.3343231
7161,0.9314589
7162,0.15271156
7163,0.068699814
7164,0.44062
7165,0.100799955
7166,0.9637274
7167,0.20836745
7168,0.45518798
7169,0.29100707
7170,0.93114895
7171,0.05798103
7172,0.14587654
7173,0.8076707
7174,0.95874256
7175,0.37801692
7176,0.23408343
7177,0.77980816
7178,0.40141267
7179,0.20391774
7180,0.84302926
7181,0.65030044
7182,0.58084685
7183,0.049744196
7184,0.9084653
7185,0.9575501
7186,0.28227654
7187,0.22459805
7188,0.2599597
7189,0.7175613
7190,0.6909209
7191,0.8851875
7192,0.90123695
7193,0.6071078
7194,0.12195458
7195,0.055180974
7196,0.79074776
7197,0.9337958
7198,0.08759583
7199,0.9051882
7200,0.33637676
7201,0.33159524
7202,0.55185
7203,0.9676646
7204,0.8181872
7205,0.32552135
7206,0.38685322
7207,0.57581687
7208,0.13775449
7209,0.19259246
7210,0.09736781
7211,0.74341273
7212,0.8683813
7213,0.6155861
7214,0.23064618
7215,0.0982362
7216,0.13105305
7217,0.8917731
7218,0.16820861
7219,0.540654
7220,0.3652297
7221,0.25754812
7222,0.5682993
7223,0.16390374
7224,0.28280282
7225,0.25244814
7226,0.9295463
7227,0.1504529
7228,0.07148746
7229,0.75395954
7230,0.18634002
7231,0.32612866
7232,0.8721441
7233,0.8756758
7234,0.23265003
7235,0.86556935
7236,0.8454304
7237,0.43140292
7238,0.8121271
7239,0.85234994
7240,0.5845691
7241,0.30566004
7242,0.038109977
7243,0.18255651
7244,0.37764755
7245,0.4784072
7246,0.13660322
7247,0.40393186
7248,0.9397183
7249,0.52436805
7250,0.2686577
7251,0.43866444
7252,0.19509317
7253,0.09450212
7254,0.18838021
7255,0.19835286
7256,0.24454165
7257,0.16540094
7258,0.17185651
7259,0.179275
7260,0.33418587
7261,0.09852206
7262,0.18631172
7263,0.11926557
7264,0.5663403
7265,0.20337023
7266,0.7781208
7267,0.66482764
7268,0.18142076
7269,0.27367786
7270,0.1761226
7271,0.44437334
7272,0.32965827
7273,0.36111146
7274,0.5054687
7275,0.46144995
7276,0.056459274
7277,0.9209077
7278,0.7106882
7279,0.6824896
7280,0.7159724
7281,0.21369009
7282,0.19734237
7283,0.25298116
7284,0.40360418
7285,0.0635123
7286,0.18873388
7287,0.1495064
7288,0.8587704
7289,0.14994414
7290,0.24335569
7291,0.16845174
7292,0.05520594
7293,0.17982425
7294,0.11292259
7295,0.14895374
7296,0.74366534
7297,0.7508466
7298,0.62369657
7299,0.34389192
7300,0.5020222
7301,0.96795434
7302,0.9299714
7303,0.5386549
7304,0.14387934
7305,0.90940046
7306,0.8955635
7307,0.93891287
7308,0.35015902
7309,0.76085275
7310,0.791343
7311,0.97130775
7312,0.89390856
7313,0.49135086
7314,0.7173771
7315,0.8666076
7316,0.29649875
7317,0.6076176
7318,0.2669016
7319,0.09596363
7320,0.10167414
7321,0.20425518
7322,0.16333482
7323,0.06919095
7324,0.12637693
7325,0.10890027
7326,0.66334397
7327,0.043724615
7328,0.24401163
7329,0.8860676
7330,0.32120982
7331,0.28603882
7332,0.1478353
7333,0.102422945
7334,0.075590774
7335,0.3774368
7336,0.7986671
7337,0.6276017
7338,0.9228715
7339,0.67714
7340,0.58889735
7341,0.9412111
7342,0.3610192
7343,0.87753206
7344,0.9288901
7345,0.66571903
7346,0.50477344
7347,0.88096523
7348,0.39827704
7349,0.81588054
7350,0.7180154
7351,0.28257102
7352,0.42585433
7353,0.6945526
7354,0.20136341
7355,0.597456
7356,0.9282217
7357,0.7690919
7358,0.25939903
7359,0.2404853
7360,0.38468242
7361,0.7714729
7362,0.9081978
7363,0.7837137
7364,0.3528325
7365,0.85251874
7366,0.20703048
7367,0.6870222
7368,0.95657676
7369,0.08302714
7370,0.1711016
7371,0.71386844
7372,0.97566813
7373,0.9700465
7374,0.3297286
7375,0.44787958
7376,0.7143015
7377,0.062180825
7378,0.5221465
7379,0.80964756
7380,0.5407121
7381,0.040670015
7382,0.113776915
7383,0.33938205
7384,0.18861541
7385,0.47264344
7386,0.7161226
7387,0.106574416
7388,0.1833722
7389,0.533555
7390,0.83850116
7391,0.5194423
7392,0.8140831
7393,0.30374882
7394,0.13713063
7395,0.4259522
7396,0.24230179
7397,0.11808404
7398,0.7295996
7399,0.06580642
7400,0.4174114
7401,0.36991906
7402,0.360665
7403,0.6350675
7404,0.79502904
7405,0.10005833
7406,0.29924893
7407,0.065341644
7408,0.9705521
7409,0.48865923
7410,0.9310177
7411,0.50833493
7412,0.8159186
7413,0.91067487
7414,0.10381529
7415,0.48103926
7416,0.89278746
7417,0.22104056
7418,0.93611383
7419,0.9260622
7420,0.21351519
7421,0.27191833
7422,0.18490787
7423,0.8069235
7424,0.15958405
7425,0.46933964
7426,0.4032479
7427,0.6015428
7428,0.22822155
7429,0.15596333
7430,0.59117925
7431,0.59680384
7432,0.6995224
7433,0.068911955
7434,0.7875334
7435,0.14534208
7436,0.38578126
7437,0.57235366
7438,0.25306016
7439,0.5924001
7440,0.24437672
7441,0.077230506
7442,0.19274084
7443,0.89796656
7444,0.10017106
7445,0.46878576
7446,0.2628111
7447,0.85122836
7448,0.97511
7449,0.05836877
7450,0.9352081
7451,0.6809499
7452,0.4120109
7453,0.31296414
7454,0.7168293
7455,0.9530746
7456,0.95993346
7457,0.23363876
7458,0.43334725
7459,0.38305426
7460,0.616778
7461,0.5531171
7462,0.92730796
7463,0.91564375
7464,0.14716259
7465,0.6920309
7466,0.22144361
7467,0.8760424
7468,0.91562665
7469,0.90607303
7470,0.10797875
7471,0.74287784
7472,0.18873763
7473,0.46230987
7474,0.11959893
7475,0.03992141
7476,0.82574046
7477,0.46556422
7478,0.20115194
7479,0.29468304
7480,0.7279688
7481,0.3048698
7482,0.29628333
7483,0.8615997
7484,0.422905
7485,0.16871862
7486,0.65310866
7487,0.7322948
7488,0.76355475
7489,0.08076375
7490,0.47004503
7491,0.22668071
7492,0.11311355
7493,0.46278045
7494,0.8260208
7495,0.25194055
7496,0.3764384
7497,0.53474975
7498,0.5782663
7499,0.7900504
7500,0.26043582
7501,0.44487616
7502,0.50917435
7503,0.96102196
7504,0.3724829
7505,0.35360172
7506,0.18645303
7507,0.96629167
7508,0.5883568
7509,0.8724786
7510,0.17831212
7511,0.4812007
7512,0.675621
7513,0.1729369
7514,0.7762752
7515,0.93356574
7516,0.2238246
7517,0.33866975
7518,0.72089046
7519,0.6214183
7520,0.30070105
7521,0.59214014
7522,0.7154741
7523,0.341836
7524,0.24878156
7525,0.40643504
7526,0.45291838
7527,0.5721177
7528,0.13393165
7529,0.4922802
7530,0.8589221
7531,0.7892623
7532,0.31907877
7533,0.9496212
7534,0.26137853
7535,0.4734983
7536,0.3177264
7537,0.11421043
7538,0.92166936
7539,0.5854571
7540,0.85982996
7541,0.8370011
7542,0.4646955
7543,0.34140742
7544,0.1557168
7545,0.759833
7546,0.6101149
7547,0.1452227
7548,0.13076289
7549,0.2814967
7550,0.4868607
7551,0.34778196
7552,0.79063046
7553,0.2346174
7554,0.07606226
7555,0.33276868
7556,0.48836082
7557,0.09414087
7558,0.31130436
7559,0.074345306
7560,0.12588616
7561,0.27300584
7562,0.16850123
7563,0.08326129
7564,0.29383776
7565,0.93950206
7566,0.8445727
7567,0.39783248
7568,0.41821277
7569,0.56955665
7570,0.25851598
7571,0.92910147
7572,0.19293113
7573,0.16048329
7574,0.72962826
7575,0.786236
7576,0.4530834
7577,0.42205873
7578,0.9709146
7579,0.80047923
7580,0.60797226
7581,0.13239919
7582,0.36764136
7583,0.27926555
7584,0.8078891
7585,0.821269
7586,0.62899876
7587,0.4297869
7588,0.38002208
7589,0.62704426
7590,0.3620899
7591,0.44386178
7592,0.44327506
7593,0.068900295
7594,0.26157826
7595,0.5463018
7596,0.17309284
7597,0.3407558
7598,0.9090559
7599,0.51075697
7600,0.111225575
7601,0.8463452
7602,0.4820411
7603,0.8529036
7604,0.51673776
7605,0.86422986
7606,0.16904518
7607,0.3397533
7608,0.09991661
7609,0.82643235
7610,0.14719461
7611,0.5149287
7612,0.7798965
7613,0.7275428
7614,0.20393054
7615,0.73837835
7616,0.32752055
7617,0.78017074
7618,0.85778886
7619,0.13340957
7620,0.70122445
7621,0.8373173
7622,0.4716626
7623,0.06464115
7624,0.9423886
7625,0.9241362
7626,0.77205217
7627,0.9416648
7628,0.22017384
7629,0.95628613
7630,0.06612125
7631,0.7380997
7632,0.35989922
7633,0.94554704
7634,0.9450811
7635,0.6725817
7636,0.9386272
7637,0.2304198
7638,0.79642475
7639,0.70669675
7640,0.9745695
7641,0.7946977
7642,0.35145503
7643,0.27764386
7644,0.3151097
7645,0.86374956
7646,0.8537858
7647,0.35266435
7648,0.120350584
7649,0.9085145
7650,0.55188596
7651,0.027942624
7652,0.8262144
7653,0.03351867
7654,0.07934501
7655,0.1608364
7656,0.25008205
7657,0.7066034
7658,0.67114794
7659,0.9438165
7660,0.51279163
7661,0.49639466
7662,0.65688354
7663,0.023578547
7664,0.7485197
7665,0.8579855
7666,0.36175993
7667,0.13786785
7668,0.47910678
7669,0.92044216
7670,0.6079141
7671,0.7094854
7672,0.8243071
7673,0.6313222
7674,0.69330704
7675,0.19985487
7676,0.37792662
7677,0.97770655
7678,0.15000302
7679,0.6415995
7680,0.89159024
7681,0.0703931
7682,0.954101
7683,0.11952286
7684,0.9234893
7685,0.9067519
7686,0.10860575
7687,0.6896585
7688,0.18429889
7689,0.9014998
7690,0.36601818
7691,0.3007982
7692,0.9777706
7693,0.45750028
7694,0.7167883
7695,0.5578037
7696,0.86485213
7697,0.36215267
7698,0.792208
7699,0.2715246
7700,0.55888987
7701,0.8728868
7702,0.47934553
7703,0.5302877
7704,0.71801347
7705,0.42286244
7706,0.61021405
7707,0.5175055
7708,0.33662853
7709,0.155522
7710,0.43598235
7711,0.9286964
7712,0.5362809
7713,0.06583073
7714,0.06404525
7715,0.9192165
7716,0.8818896
7717,0.3228077
7718,0.89560395
7719,0.40763578
7720,0.09344234
7721,0.19553238
7722,0.26055557
7723,0.3790547
7724,0.76520383
7725,0.15241826
7726,0.85385185
7727,0.17954217
7728,0.91352123
7729,0.3769629
7730,0.5582038
7731,0.061856
7732,0.49988356
7733,0.57958484
7734,0.6522832
7735,0.7694753
7736,0.8293453
7737,0.25090668
7738,0.24638873
7739,0.570913
7740,0.07884949
7741,0.16262496
7742,0.13546377
7743,0.12604158
7744,0.18327947
7745,0.9040174
7746,0.2455655
7747,0.5183016
7748,0.278351
7749,0.5013227
7750,0.036465283
7751,0.08195033
7752,0.29780957
7753,0.27606627
7754,0.10322627
7755,0.6023279
7756,0.19767974
7757,0.21885765
7758,0.8265876
7759,0.5571032
7760,0.229395
7761,0.18103598
7762,0.9018583
7763,0.21089283
7764,0.1582501
7765,0.647643
7766,0.9506274
7767,0.816175
7768,0.4889371
7769,0.4531649
7770,0.17203605
7771,0.6732205
7772,0.5454291
7773,0.59589434
7774,0.76463735
7775,0.3137422
7776,0.27901784
7777,0.12879917
7778,0.9213945
7779,0.20326197
7780,0.08270865
7781,0.73761266
7782,0.69003737
7783,0.60606575
7784,0.4234745
7785,0.046007536
7786,0.5520256
7787,0.49136275
7788,0.28133523
7789,0.71106607
7790,0.1321457
7791,0.66333413
7792,0.4778879
7793,0.2832326
7794,0.42333233
7795,0.14312474
7796,0.12712094
7797,0.39561477
7798,0.7034417
7799,0.038956545
7800,0.6544587
7801,0.060514186
7802,0.106101096
7803,0.15685144
7804,0.48627728
7805,0.4489696
7806,0.1267975
7807,0.34013098
7808,0.81619126
7809,0.32963637
7810,0.2190546
7811,0.4758725
7812,0.22933996
7813,0.8349635
7814,0.8423373
7815,0.3091248
7816,0.23753706
7817,0.7698377
7818,0.28814197
7819,0.7688684
7820,0.2130677
7821,0.34404153
7822,0.90916884
7823,0.8484027
7824,0.24306183
7825,0.29021823
7826,0.97746
7827,0.86780035
7828,0.21176535
7829,0.43590075
7830,0.24080592
7831,0.75172746
7832,0.13579437
7833,0.19431208
7834,0.60425466
7835,0.20215243
7836,0.3503969
7837,0.9484743
7838,0.9709646
7839,0.58856755
7840,0.29681948
7841,0.5346105
7842,0.6550971
7843,0.24068208
7844,0.60880613
7845,0.26768938
7846,0.67966807
7847,0.6255143
7848,0.8604688
7849,0.14098881
7850,0.28696156
7851,0.7386138
7852,0.9097741
7853,0.31520742
7854,0.73086727
7855,0.20340943
7856,0.14392173
7857,0.14882602
7858,0.44442198
7859,0.75323814
7860,0.66152745
7861,0.065946825
7862,0.2501365
7863,0.7549427
7864,0.8591728
7865,0.14464462
7866,0.89021903
7867,0.1233116
7868,0.32618228
7869,0.96880597
7870,0.45231497
7871,0.78428483
7872,0.39697757
7873,0.08981317
7874,0.09248497
7875,0.6876526
7876,0.4226654
7877,0.92778677
7878,0.4859009
7879,0.8165369
7880,0.8470918
7881,0.5600181
7882,0.8676006
7883,0.5705149
7884,0.14661323
7885,0.5852213
7886,0.66334105
7887,0.19623496
7888,0.9581247
7889,0.25713563
7890,0.90137845
7891,0.37960142
7892,0.46302372
7893,0.22981447
7894,0.1967223
7895,0.21709523
7896,0.9355671
7897,0.2567492
7898,0.8189498
7899,0.63472307
7900,0.1052719
7901,0.78113467
7902,0.07983508
7903,0.028538426
7904,0.5566232
7905,0.28748265
7906,0.16950084
7907,0.24650522
7908,0.34389648
7909,0.35120448
7910,0.14709927
7911,0.057630014
7912,0.08185381
7913,0.9779585
7914,0.21874176
7915,0.85090166
7916,0.16959096
7917,0.69476
7918,0.7721447
7919,0.40691063
7920,0.17026262
7921,0.17660928
7922,0.16764697
7923,0.31973305
7924,0.47270364
7925,0.5794774
7926,0.66791904
7927,0.1666698
7928,0.0647696
7929,0.24171269
7930,0.21633862
7931,0.45975274
7932,0.54841006
7933,0.087452106
7934,0.5048237
7935,0.54247254
7936,0.6373107
7937,0.75006115
7938,0.21528642
7939,0.31841794
7940,0.024091613
7941,0.94173765
7942,0.40239847
7943,0.6914517
7944,0.4577918
7945,0.31091926
7946,0.7444674
7947,0.72871363
7948,0.9214225
7949,0.08592333
7950,0.36002937
7951,0.750179
7952,0.7567422
7953,0.31397483
7954,0.2155075
7955,0.9028231
7956,0.18861584
7957,0.9444088
7958,0.82738894
7959,0.10610582
7960,0.21966699
7961,0.62594116
7962,0.09773327
7963,0.34512
7964,0.38131347
7965,0.3328379
7966,0.2327012
7967,0.9336242
7968,0.7475131
7969,0.12998623
7970,0.1929992
7971,0.26246145
7972,0.8956231
7973,0.07273986
7974,0.31810433
7975,0.47752756
7976,0.8273405
7977,0.6461785
7978,0.13235055
7979,0.38188872
7980,0.9128116
7981,0.6321595
7982,0.06494773
7983,0.3000725
7984,0.8351511
7985,0.1995768
7986,0.12357946
7987,0.8114321
7988,0.21258299
7989,0.50939435
7990,0.15158841
7991,0.34597966
7992,0.7149579
7993,0.6617664
7994,0.9210951
7995,0.32467976
7996,0.36861214
7997,0.44422886
7998,0.8816072
7999,0.9514472
8000,0.567734
8001,0.7016306
8002,0.31507686
8003,0.4807913
8004,0.47494093
8005,0.15839033
8006,0.20803317
8007,0.23345082
8008,0.29082507
8009,0.698599
8010,0.6806001
8011,0.73401725
8012,0.8752249
8013,0.18232706
8014,0.9074465
8015,0.18595532
8016,0.7470225
8017,0.973597
8018,0.8233324
8019,0.21212608
8020,0.8959505
8021,0.29077563
8022,0.21268041
8023,0.2010883
8024,0.8924738
8025,0.82674515
8026,0.9423106
8027,0.4805107
8028,0.19750077
8029,0.923589
8030,0.24076514
8031,0.59039146
8032,0.6569158
8033,0.5825226
8034,0.9667459
8035,0.97257024
8036,0.7619175
8037,0.22301392
8038,0.5577042
8039,0.9178272
8040,0.891109
8041,0.098163016
8042,0.17599066
8043,0.9099994
8044,0.91585666
8045,0.25288048
8046,0.9091176
8047,0.036229935
8048,0.5013633
8049,0.4494994
8050,0.3426977
8051,0.9111903
8052,0.19459584
8053,0.5486966
8054,0.1920906
8055,0.922542
8056,0.30052972
8057,0.09174099
8058,0.855767
8059,0.10266019
8060,0.089824066
8061,0.5366997
8062,0.4380532
8063,0.45197466
8064,0.35102984
8065,0.8047577
8066,0.49768522
8067,0.8262882
8068,0.67443967
8069,0.045517508
8070,0.6009512
8071,0.34760886
8072,0.9764398
8073,0.26252568
8074,0.42208144
8075,0.5556177
8076,0.2331544
8077,0.36782727
8078,0.14512476
8079,0.31967744
8080,0.8787105
8081,0.12151543
8082,0.17142738
8083,0.9634457
8084,0.21835044
8085,0.15047431
8086,0.1102295
8087,0.45804918
8088,0.5710124
8089,0.15741774
8090,0.46551624
8091,0.9597202
8092,0.55965227
8093,0.064008735
8094,0.27330205
8095,0.7937376
8096,0.30374205
8097,0.42207995
8098,0.27301955
8099,0.5604809
8100,0.9464985
8101,0.23812504
8102,0.17491688
8103,0.20434229
8104,0.1592119
8105,0.48080987
8106,0.58346784
8107,0.31115362
8108,0.1853508
8109,0.18708785
8110,0.7322415
8111,0.8377302
8112,0.14234959
8113,0.3760863
8114,0.85852236
8115,0.06676167
8116,0.7655477
8117,0.11234827
8118,0.24319729
8119,0.23365732
8120,0.19294631
8121,0.8329006
8122,0.9774851
8123,0.14636332
8124,0.08002769
8125,0.64410704
8126,0.860279
8127,0.18308838
8128,0.277858
8129,0.37851238
8130,0.45077384
8131,0.93447936
8132,0.043811325
8133,0.10971591
8134,0.827478
8135,0.73434776
8136,0.957164
8137,0.6950277
8138,0.16070762
8139,0.06303579
8140,0.25715968
8141,0.90058947
8142,0.20639147
8143,0.24033085
8144,0.26804447
8145,0.37370458
8146,0.13264707
8147,0.37634572
8148,0.0901377
8149,0.66465497
8150,0.2415141
8151,0.06873021
8152,0.08173929
8153,0.6200193
8154,0.15456478
8155,0.3818703
8156,0.16867454
8157,0.19001907
8158,0.55164903
8159,0.28025088
8160,0.087791875
8161,0.07211476
8162,0.8699085
8163,0.7173417
8164,0.78655666
8165,0.6664368
8166,0.21409862
8167,0.25675923
8168,0.119391374
8169,0.09119153
8170,0.2579707
8171,0.13788882
8172,0.8698245
8173,0.13221717
8174,0.17517152
8175,0.77821296
8176,0.38172537
8177,0.29316717
8178,0.21317108
8179,0.12271196
8180,0.85357183
8181,0.4377655
8182,0.74812496
8183,0.48712143
8184,0.68731266
8185,0.37072664
8186,0.15488784
8187,0.7821923
8188,0.66376835
8189,0.47677818
8190,0.45681247
8191,0.08280315
8192,0.23241921
8193,0.23346098
8194,0.94540364
8195,0.26129267
8196,0.1303976
8197,0.080102295
8198,0.7675255
8199,0.7860116
8200,0.7751039
8201,0.28158936
8202,0.7716668
8203,0.15103288
8204,0.03158772
8205,0.12656271
8206,0.37885374
8207,0.8468431
8208,0.86429495
8209,0.89516765
8210,0.21700285
8211,0.20782956
8212,0.07035743
8213,0.9741289
8214,0.6588636
8215,0.36130846
8216,0.58963764
8217,0.90490395
8218,0.70570487
8219,0.94705856
8220,0.9075372
8221,0.60892963
8222,0.41750392
8223,0.9187452
8224,0.9139128
8225,0.40115836
8226,0.14454094
8227,0.4094192
8228,0.027669623
8229,0.07419725
8230,0.30903968
8231,0.15238711
8232,0.68178326
8233,0.16347946
8234,0.92450714
8235,0.25813553
8236,0.064111635
8237,0.6839877
8238,0.7797645
8239,0.60915875
8240,0.3820059
8241,0.6864121
8242,0.20592912
8243,0.37576613
8244,0.22562303
8245,0.7345522
8246,0.11548582
8247,0.74833274
8248,0.4473794
8249,0.22007917
8250,0.1810668
8251,0.19476922
8252,0.7941805
8253,0.60127217
8254,0.21690513
8255,0.017160568
8256,0.5510226
8257,0.9810874
8258,0.096848756
8259,0.17058802
8260,0.26959246
8261,0.19803523
8262,0.28389934
8263,0.0632798
8264,0.8882492
8265,0.8918279
8266,0.5579509
8267,0.10734549
8268,0.84067297
8269,0.92319167
8270,0.8522238
8271,0.96551216
8272,0.9396098
8273,0.83913815
8274,0.40126285
8275,0.057829183
8276,0.8494466
8277,0.17815065
8278,0.11357149
8279,0.2204979
8280,0.9611637
8281,0.2833755
8282,0.59767133
8283,0.17477573
8284,0.42549998
8285,0.69525415
8286,0.11682282
8287,0.19964816
8288,0.8892832
8289,0.7039976
8290,0.22286488
8291,0.52662385
8292,0.38995785
8293,0.4055731
8294,0.5292256
8295,0.95123
8296,0.2604503
8297,0.89447135
8298,0.33593762
8299,0.15349169
8300,0.784219
8301,0.2953213
8302,0.9575053
8303,0.2655775
8304,0.9543005
8305,0.3125963
8306,0.1741112
8307,0.83309406
8308,0.46427268
8309,0.2866094
8310,0.24839261
8311,0.3423656
8312,0.572855
8313,0.27817187
8314,0.13532096
8315,0.5643652
8316,0.9178708
8317,0.23766994
8318,0.7210923
8319,0.8983248
8320,0.58856857
8321,0.9152788
8322,0.22507456
8323,0.13671347
8324,0.66210514
8325,0.32373133
8326,0.44386837
8327,0.8787912
8328,0.4051681
8329,0.38383213
8330,0.8381413
8331,0.4255782
8332,0.5652031
8333,0.5235477
8334,0.15246847
8335,0.23319697
8336,0.09542743
8337,0.8656514
8338,0.91983217
8339,0.94027334
8340,0.7174375
8341,0.17787932
8342,0.19181919
8343,0.23405677
8344,0.08491942
8345,0.12583004
8346,0.71006227
8347,0.22841936
8348,0.64624363
8349,0.24954334
8350,0.96174324
8351,0.75227094
8352,0.16805574
8353,0.9395716
8354,0.12352083
8355,0.23549356
8356,0.054173976
8357,0.20120241
8358,0.9427595
8359,0.13594024
8360,0.9468499
8361,0.7869364
8362,0.82284904
8363,0.11554201
8364,0.9676925
8365,0.22267337
8366,0.8662891
8367,0.25859863
8368,0.7962856
8369,0.31351155
8370,0.308101
8371,0.88999784
8372,0.9392132
8373,0.66410583
8374,0.61939514
8375,0.34674793
8376,0.081356816
8377,0.7756715
8378,0.54193497
8379,0.9058768
8380,0.6448923
8381,0.6600201
8382,0.81567913
8383,0.16691336
8384,0.8027479
8385,0.92782575
8386,0.96361756
8387,0.18615259
8388,0.43207678
8389,0.62842095
8390,0.30049613
8391,0.13063908
8392,0.73653555
8393,0.3350429
8394,0.2154365
8395,0.21354583
8396,0.21399419
8397,0.96154743
8398,0.2748747
8399,0.93773156
8400,0.37037203
8401,0.9294516
8402,0.6328962
8403,0.7996423
8404,0.4319713
8405,0.3636957
8406,0.15679759
8407,0.08180531
8408,0.15963262
8409,0.38713306
8410,0.23825356
8411,0.13670772
8412,0.57588553
8413,0.96312714
8414,0.1664655
8415,0.9625854
8416,0.19838631
8417,0.17560564
8418,0.5642495
8419,0.23777366
8420,0.91271544
8421,0.5680201
8422,0.9001688
8423,0.841735
8424,0.3317534
8425,0.30240634
8426,0.7939835
8427,0.51390237
8428,0.717142
8429,0.6535905
8430,0.6804466
8431,0.3305741
8432,0.19016989
8433,0.96535194
8434,0.16792047
8435,0.15861635
8436,0.5874907
8437,0.21395402
8438,0.89247733
8439,0.47138432
8440,0.6918147
8441,0.123765156
8442,0.04142901
8443,0.57156646
8444,0.5418781
8445,0.18099762
8446,0.20284453
8447,0.8234551
8448,0.47789237
8449,0.58181083
8450,0.1866303
8451,0.25933757
8452,0.06364437
8453,0.84575087
8454,0.280167
8455,0.26789775
8456,0.95496
8457,0.8739203
8458,0.8701474
8459,0.3989633
8460,0.5360309
8461,0.9351918
8462,0.18178949
8463,0.8273952
8464,0.82983655
8465,0.9008467
8466,0.9221037
8467,0.88489413
8468,0.8233466
8469,0.39980528
8470,0.05194115
8471,0.13806437
8472,0.078784466
8473,0.18648647
8474,0.71613204
8475,0.014565232
8476,0.35927203
8477,0.56279474
8478,0.19124009
8479,0.13167737
8480,0.9037041
8481,0.70380014
8482,0.9424035
8483,0.8416206
8484,0.31514144
8485,0.13687722
8486,0.04713058
8487,0.9006493
8488,0.73328424
8489,0.93285644
8490,0.2533234
8491,0.769335
8492,0.177933
8493,0.42608267
8494,0.7811158
8495,0.9696433
8496,0.7799872
8497,0.027627442
8498,0.6802743
8499,0.11288484
8500,0.48301688
8501,0.6084539
8502,0.34816846
8503,0.1962011
8504,0.19800948
8505,0.36790374
8506,0.93286234
8507,0.930667
8508,0.08616959
8509,0.5231446
8510,0.048015494
8511,0.85071206
8512,0.72722226
8513,0.1658718
8514,0.84489053
8515,0.96065944
8516,0.38084984
8517,0.88566613
8518,0.66342866
8519,0.095059924
8520,0.88096344
8521,0.57773465
8522,0.8678737
8523,0.7603389
8524,0.22183634
8525,0.1632804
8526,0.38158536
8527,0.46084124
8528,0.244629
8529,0.24546717
8530,0.12665176
8531,0.9539947
8532,0.27595666
8533,0.24230173
8534,0.21902254
8535,0.79480064
8536,0.7054813
8537,0.6799006
8538,0.79469687
8539,0.342876
8540,0.74863446
8541,0.79904455
8542,0.656221
8543,0.7829475
8544,0.78900486
8545,0.9273014
8546,0.34510773
8547,0.9760265
8548,0.774652
8549,0.93108
8550,0.1936163
8551,0.47772792
8552,0.6150601
8553,0.9714423
8554,0.075229816
8555,0.8963794
8556,0.8345447
8557,0.13372809
8558,0.55222464
8559,0.092270136
8560,0.98445475
8561,0.6652341
8562,0.21484198
8563,0.65925455
8564,0.09443946
8565,0.36018458
8566,0.59376657
8567,0.8410837
8568,0.6958642
8569,0.952658
8570,0.547443
8571,0.89014405
8572,0.054860175
8573,0.18999669
8574,0.117201574
8575,0.42595795
8576,0.12444329
8577,0.21260998
8578,0.93785524
8579,0.18773781
8580,0.5245621
8581,0.3558418
8582,0.89042723
8583,0.8977172
8584,0.9695758
8585,0.2949124
8586,0.25792655
8587,0.9402339
8588,0.25834242
8589,0.47862577
8590,0.6659606
8591,0.39329758
8592,0.5722689
8593,0.83986264
8594,0.54282993
8595,0.48898277
8596,0.42676356
8597,0.9314859
8598,0.604576
8599,0.20967776
8600,0.8685364
8601,0.21904036
8602,0.89933497
8603,0.63436794
8604,0.7929522
8605,0.95220447
8606,0.67532885
8607,0.64943784
8608,0.47416583
8609,0.6833431
8610,0.6744799
8611,0.49755973
8612,0.23317493
8613,0.52510685
8614,0.955256
8615,0.08569908
8616,0.84967184
8617,0.6803895
8618,0.09673729
8619,0.08073032
8620,0.7303087
8621,0.9214863
8622,0.67311096
8623,0.3074178
8624,0.95799404
8625,0.14973913
8626,0.06578623
8627,0.08526868
8628,0.025271757
8629,0.099775
8630,0.747425
8631,0.27746794
8632,0.7511294
8633,0.5760698
8634,0.9307184
8635,0.48834893
8636,0.36712256
8637,0.055794258
8638,0.6238813
8639,0.8818617
8640,0.67428565
8641,0.5524988
8642,0.6005073
8643,0.07353545
8644,0.33051986
8645,0.9200545
8646,0.22513075
8647,0.3226504
8648,0.103971615
8649,0.6585476
8650,0.46338585
8651,0.6603818
8652,0.3147985
8653,0.66644996
8654,0.8355332
8655,0.7015773
8656,0.4338809
8657,0.2688337
8658,0.2843594
8659,0.9340779
8660,0.19943944
8661,0.116848476
8662,0.46805245
8663,0.45815325
8664,0.9019826
8665,0.70657605
8666,0.66705304
8667,0.24054052
8668,0.1182703
8669,0.19605269
8670,0.36923245
8671,0.716017
8672,0.5206356
8673,0.37575662
8674,0.11182983
8675,0.4020313
8676,0.6276184
8677,0.88853234
8678,0.20142147
8679,0.23630686
8680,0.14917782
8681,0.0694891
8682,0.3709425
8683,0.3920402
8684,0.16409664
8685,0.82579184
8686,0.29830116
8687,0.14248338
8688,0.4583536
8689,0.20297748
8690,0.2566674
8691,0.8698187
8692,0.116895325
8693,0.23830487
8694,0.12560283
8695,0.45855504
8696,0.84126633
8697,0.32524353
8698,0.9000923
8699,0.90687037
8700,0.29305807
8701,0.52731717
8702,0.40952042
8703,0.26271766
8704,0.25564718
8705,0.83845866
8706,0.18604594
8707,0.5528083
8708,0.2832869
8709,0.67846894
8710,0.862508
8711,0.10032448
8712,0.2637525
8713,0.08052233
8714,0.945958
8715,0.07542871
8716,0.94189805
8717,0.7853805
8718,0.2741625
8719,0.09847747
8720,0.7629295
8721,0.12598787
8722,0.93464446
8723,0.21793872
8724,0.96044785
8725,0.7406345
8726,0.37911007
8727,0.5839502
8728,0.3008787
8729,0.13862586
8730,0.08591414
8731,0.2175891
8732,0.16718279
8733,0.47991243
8734,0.24852301
8735,0.8302603
8736,0.499434
8737,0.20760086
8738,0.0499694
8739,0.1363467
8740,0.36950025
8741,0.7714044
8742,0.5925856
8743,0.19143611
8744,0.26374754
8745,0.32607818
8746,0.9447872
8747,0.7746263
8748,0.72600687
8749,0.97276175
8750,0.9418758
8751,0.1541883
8752,0.604637
8753,0.78094894
8754,0.3088817
8755,0.14297788
8756,0.36958605
8757,0.9266248
8758,0.51893634
8759,0.17017871
8760,0.08712773
8761,0.12506878
8762,0.6733013
8763,0.96308047
8764,0.18896358
8765,0.2926375
8766,0.8315092
8767,0.37438613
8768,0.67242295
8769,0.52358866
8770,0.7889058
8771,0.6896838
8772,0.104167305
8773,0.08787959
8774,0.13730933
8775,0.111459926
8776,0.19469373
8777,0.11240846
8778,0.22497372
8779,0.2159617
8780,0.27553073
8781,0.90933126
8782,0.20575114
8783,0.8799599
8784,0.2680915
8785,0.9120314
8786,0.5469223
8787,0.4300377
8788,0.77543193
8789,0.2705915
8790,0.9005113
8791,0.68925714
8792,0.5319216
8793,0.39780554
8794,0.77718437
8795,0.7794031
8796,0.28753427
8797,0.9568194
8798,0.6842765
8799,0.51653886
8800,0.3144588
8801,0.36659876
8802,0.61097276
8803,0.14686643
8804,0.48438284
8805,0.3979229
8806,0.24394572
8807,0.056279458
8808,0.7752165
8809,0.08840345
8810,0.89930856
8811,0.12520729
8812,0.7116521
8813,0.90904033
8814,0.43110773
8815,0.15080102
8816,0.662318
8817,0.6029589
8818,0.608725
8819,0.57298523
8820,0.373021
8821,0.43602335
8822,0.09189903
8823,0.29906037
8824,0.6155064
8825,0.36809415
8826,0.21457557
8827,0.13322876
8828,0.9550375
8829,0.71351194
8830,0.7911785
8831,0.275053
8832,0.7012379
8833,0.5778891
8834,0.26268193
8835,0.03506721
8836,0.89213985
8837,0.8535418
8838,0.16946341
8839,0.937728
8840,0.34646496
8841,0.53224576
8842,0.03576986
8843,0.30924532
8844,0.8843852
8845,0.19519834
8846,0.13699234
8847,0.8269324
8848,0.5808065
8849,0.5305562
8850,0.8139876
8851,0.20364574
8852,0.9004566
8853,0.8377693
8854,0.9135326
8855,0.21437407
8856,0.9398574
8857,0.9457443
8858,0.47314388
8859,0.54938376
8860,0.90645075
8861,0.51610184
8862,0.49285263
8863,0.728325
8864,0.33036706
8865,0.9679373
8866,0.1596778
8867,0.972476
8868,0.19443372
8869,0.76523817
8870,0.8839807
8871,0.47208294
8872,0.71023923
8873,0.40483567
8874,0.13922398
8875,0.2810059
8876,0.13527067
8877,0.9365063
8878,0.30008918
8879,0.20354588
8880,0.21122636
8881,0.24611248
8882,0.14834267
8883,0.94963163
8884,0.14487149
8885,0.093553424
8886,0.13627931
8887,0.4797272
8888,0.50201523
8889,0.84540075
8890,0.915858
8891,0.7966893
8892,0.27666864
8893,0.15360337
8894,0.29988438
8895,0.24931957
8896,0.46844393
8897,0.3306853
8898,0.45113227
8899,0.8696954
8900,0.8756022
8901,0.35992068
8902,0.11771552
8903,0.58065623
8904,0.50454026
8905,0.37764108
8906,0.16493574
8907,0.5392993
8908,0.7745887
8909,0.9533273
8910,0.19360279
8911,0.2659671
8912,0.73603916
8913,0.29685917
8914,0.5287399
8915,0.21515779
8916,0.112983815
8917,0.15387158
8918,0.25222433
8919,0.27746224
8920,0.60379773
8921,0.7565876
8922,0.24503736
8923,0.09112701
8924,0.1408619
8925,0.44432825
8926,0.30596435
8927,0.77137154
8928,0.29958925
8929,0.3846057
8930,0.8474955
8931,0.17108974
8932,0.6832266
8933,0.22370419
8934,0.4380284
8935,0.52497596
8936,0.18700163
8937,0.7426865
8938,0.16542399
8939,0.3147145
8940,0.35546798
8941,0.41561127
8942,0.46629646
8943,0.15373424
8944,0.54348445
8945,0.5595195
8946,0.83850896
8947,0.9669862
8948,0.39949995
8949,0.4118283
8950,0.21513294
8951,0.4935722
8952,0.35230643
8953,0.14065829
8954,0.9069423
8955,0.91240335
8956,0.49637938
8957,0.69229436
8958,0.7222755
8959,0.2555982
8960,0.447089
8961,0.9201512
8962,0.079197176
8963,0.6110483
8964,0.4680118
8965,0.9049932
8966,0.13657819
8967,0.60450184
8968,0.7712557
8969,0.157322
8970,0.06147709
8971,0.89657813
8972,0.30056724
8973,0.6142941
8974,0.48857445
8975,0.9425772
8976,0.10956618
8977,0.4813799
8978,0.18359973
8979,0.110052496
8980,0.17617053
8981,0.77588624
8982,0.8646226
8983,0.4099078
8984,0.5898946
8985,0.6683729
8986,0.20050335
8987,0.49644324
8988,0.16894335
8989,0.6609947
8990,0.293173
8991,0.353653
8992,0.23739259
8993,0.06260421
8994,0.9043984
8995,0.4736691
8996,0.043700635
8997,0.46914127
8998,0.73136175
8999,0.36337388
9000,0.18726465
9001,0.44218814
9002,0.925533
9003,0.92329663
9004,0.069404244
9005,0.5316139
9006,0.057895545
9007,0.14432374
9008,0.048338648
9009,0.4290891
9010,0.78796756
9011,0.7421011
9012,0.1930602
9013,0.5267068
9014,0.8034939
9015,0.33195257
9016,0.09989364
9017,0.9766688
9018,0.8498084
9019,0.2837673
9020,0.11435903
9021,0.20790668
9022,0.21783604
9023,0.5167455
9024,0.8388478
9025,0.4140308
9026,0.36819872
9027,0.6049976
9028,0.118732944
9029,0.18329237
9030,0.73707175
9031,0.09431864
9032,0.31107363
9033,0.20194095
9034,0.4407564
9035,0.21799192
9036,0.9365857
9037,0.95424366
9038,0.67986566
9039,0.07031864
9040,0.28075668
9041,0.9454154
9042,0.45543587
9043,0.04926674
9044,0.42079106
9045,0.81121534
9046,0.7613257
9047,0.03931564
9048,0.083090864
9049,0.08345266
9050,0.97075933
9051,0.34785062
9052,0.26407194
9053,0.05700947
9054,0.43180168
9055,0.25539503
9056,0.41947275
9057,0.60391116
9058,0.08040911
9059,0.065852575
9060,0.22616492
9061,0.47313046
9062,0.20470764
9063,0.6581794
9064,0.21314986
9065,0.9130547
9066,0.3225832
9067,0.43222192
9068,0.71753997
9069,0.38631558
9070,0.96297055
9071,0.24938668
9072,0.87077576
9073,0.45412993
9074,0.5313009
9075,0.25633794
9076,0.15902582
9077,0.3212368
9078,0.11866864
9079,0.039207634
9080,0.3053109
9081,0.31029758
9082,0.16266616
9083,0.265711
9084,0.17514424
9085,0.5287361
9086,0.43863672
9087,0.75528944
9088,0.8642912
9089,0.16632952
9090,0.92677444
9091,0.11536218
9092,0.9147173
9093,0.3697506
9094,0.33068305
9095,0.70862263
9096,0.84507746
9097,0.72920597
9098,0.15195176
9099,0.72836614
9100,0.22744416
9101,0.9272837
9102,0.14137878
9103,0.53714365
9104,0.24088576
9105,0.8599338
9106,0.86186856
9107,0.25707957
9108,0.8857363
9109,0.34204218
9110,0.21416478
9111,0.68387616
9112,0.7994775
9113,0.5670917
9114,0.66007656
9115,0.32148167
9116,0.95470446
9117,0.31712148
9118,0.47736678
9119,0.30414432
9120,0.34563643
9121,0.15263796
9122,0.58386916
9123,0.52933085
9124,0.089741245
9125,0.10533782
9126,0.33900753
9127,0.47694567
9128,0.650142
9129,0.76589024
9130,0.6725787
9131,0.8192497
9132,0.9464798
9133,0.07612219
9134,0.17052586
9135,0.5498327
9136,0.25193658
9137,0.1373003
9138,0.4371344
9139,0.2845132
9140,0.21286665
9141,0.22210939
9142,0.26542625
9143,0.64191014
9144,0.95829916
9145,0.16638182
9146,0.070141055
9147,0.050343234
9148,0.43696147
9149,0.444481
9150,0.12180459
9151,0.90539414
9152,0.96498954
9153,0.27518022
9154,0.41673002
9155,0.11685898
9156,0.21731658
9157,0.28051227
9158,0.70216614
9159,0.10730842
9160,0.95618695
9161,0.119642176
9162,0.38126904
9163,0.63090545
9164,0.92073214
9165,0.77518296
9166,0.7583759
9167,0.8849853
9168,0.700646
9169,0.1587176
9170,0.114858866
9171,0.8159663
9172,0.4342657
9173,0.23741506
9174,0.7401228
9175,0.94494325
9176,0.33691278
9177,0.37517256
9178,0.2484148
9179,0.91510916
9180,0.191902
9181,0.14292322
9182,0.2747527
9183,0.14189684
9184,0.8457923
9185,0.5511942
9186,0.20903473
9187,0.051282313
9188,0.6887649
9189,0.44500488
9190,0.3024698
9191,0.49626303
9192,0.13516879
9193,0.031767584
9194,0.041561488
9195,0.7530457
9196,0.9070248
9197,0.07696173
9198,0.72731346
9199,0.91524494
9200,0.12190323
9201,0.21381286
9202,0.5518681
9203,0.23485996
9204,0.5925057
9205,0.030069092
9206,0.102487445
9207,0.28205922
9208,0.103636146
9209,0.16737856
9210,0.07017645
9211,0.08933904
9212,0.03113256
9213,0.44495818
9214,0.90552783
9215,0.1972948
9216,0.5016792
9217,0.40626246
9218,0.3457954
9219,0.11141746
9220,0.87199223
9221,0.091643825
9222,0.14614555
9223,0.3950562
9224,0.08867666
9225,0.87129855
9226,0.14908642
9227,0.8918403
9228,0.22356772
9229,0.9431433
9230,0.7801137
9231,0.67856854
9232,0.2785861
9233,0.22834028
9234,0.9373477
9235,0.21154255
9236,0.5544962
9237,0.16287494
9238,0.08263131
9239,0.25380993
9240,0.38647184
9241,0.8209609
9242,0.51356936
9243,0.7033336
9244,0.23792858
9245,0.038429014
9246,0.67439014
9247,0.23441473
9248,0.40901524
9249,0.26822147
9250,0.15402037
9251,0.86947125
9252,0.12963833
9253,0.2683477
9254,0.8278789
9255,0.073690966
9256,0.23123816
9257,0.94246227
9258,0.05015712
9259,0.25137642
9260,0.3120696
9261,0.7047377
9262,0.19591764
9263,0.6464499
9264,0.037821095
9265,0.21361652
9266,0.13203584
9267,0.31748623
9268,0.42923358
9269,0.88282764
9270,0.9498355
9271,0.028762618
9272,0.13403717
9273,0.40701726
9274,0.5981412
9275,0.8551169
9276,0.16754892
9277,0.0960123
9278,0.3773277
9279,0.77265584
9280,0.5592678
9281,0.5831605
9282,0.047920365
9283,0.5345027
9284,0.6950934
9285,0.05542304
9286,0.10062969
9287,0.08262392
9288,0.23493019
9289,0.20325227
9290,0.87059903
9291,0.8925312
9292,0.33332998
9293,0.38516858
9294,0.2035903
9295,0.2586821
9296,0.10165213
9297,0.18632567
9298,0.495807
9299,0.38929525
9300,0.8518663
9301,0.6857141
9302,0.4087971
9303,0.6447692
9304,0.06104706
9305,0.058325812
9306,0.75156474
9307,0.7453466
9308,0.20012164
9309,0.15213974
9310,0.561062
9311,0.43555716
9312,0.43070957
9313,0.39647716
9314,0.4222119
9315,0.25889444
9316,0.9639502
9317,0.88460404
9318,0.7715249
9319,0.11707548
9320,0.31049955
9321,0.589217
9322,0.20149279
9323,0.35545015
9324,0.05042843
9325,0.1212834
9326,0.73796266
9327,0.055130024
9328,0.06847735
9329,0.14662991
9330,0.9037333
9331,0.16013849
9332,0.76629907
9333,0.30459172
9334,0.42771837
9335,0.12376317
9336,0.952638
9337,0.19984168
9338,0.5235333
9339,0.78079045
9340,0.27809474
9341,0.5056103
9342,0.8828715
9343,0.086606264
9344,0.1861842
9345,0.40255177
9346,0.21978487
9347,0.9369247
9348,0.881679
9349,0.08137815
9350,0.8988392
9351,0.39232647
9352,0.17845252
9353,0.37456834
9354,0.7179783
9355,0.10020178
9356,0.38381553
9357,0.7039236
9358,0.21426162
9359,0.28368455
9360,0.77530307
9361,0.19701335
9362,0.38236526
9363,0.63651806
9364,0.9245119
9365,0.116655275
9366,0.055730924
9367,0.68722796
9368,0.3234266
9369,0.82782394
9370,0.6517175
9371,0.7780785
9372,0.11909076
9373,0.06678599
9374,0.43148658
9375,0.81337965
9376,0.961458
9377,0.96354705
9378,0.087604955
9379,0.35395828
9380,0.8609219
9381,0.0529297
9382,0.6970948
9383,0.64635706
9384,0.5506326
9385,0.85589105
9386,0.939152
9387,0.8504659
9388,0.823151
9389,0.20075406
9390,0.9036737
9391,0.7065413
9392,0.85319614
9393,0.06974589
9394,0.72803134
9395,0.123410024
9396,0.96220905
9397,0.18608995
9398,0.7591673
9399,0.2449406
9400,0.90108967
9401,0.3855875
9402,0.664928
9403,0.85365367
9404,0.16684216
9405,0.12669308
9406,0.5935964
9407,0.6183091
9408,0.29946536
9409,0.30167603
9410,0.08994544
9411,0.20243016
9412,0.44453385
9413,0.06696406
9414,0.9509717
9415,0.2587677
9416,0.37909845
9417,0.39270788
9418,0.105629936
9419,0.23229821
9420,0.19847508
9421,0.14951287
9422,0.9579818
9423,0.54240495
9424,0.3706843
9425,0.4099911
9426,0.064891286
9427,0.7462174
9428,0.86222696
9429,0.96694046
9430,0.6603995
9431,0.96978915
9432,0.4341953
9433,0.72732115
9434,0.14798431
9435,0.0756442
9436,0.8407526
9437,0.65075684
9438,0.21139339
9439,0.29332045
9440,0.9350951
9441,0.16893043
9442,0.50029397
9443,0.3211991
9444,0.3256593
9445,0.34144965
9446,0.06841729
9447,0.580943
9448,0.080279596
9449,0.58984095
9450,0.8095732
9451,0.32818043
9452,0.9114236
9453,0.13043891
9454,0.42114818
9455,0.9133127
9456,0.5030895
9457,0.76932424
9458,0.33351186
9459,0.47720662
9460,0.43878832
9461,0.6027741
9462,0.8756844
9463,0.95094323
9464,0.304596
9465,0.41408175
9466,0.6379441
9467,0.67002654
9468,0.21743304
9469,0.9461359
9470,0.302621
9471,0.23798615
9472,0.816149
9473,0.56223375
9474,0.7972222
9475,0.781046
9476,0.20089857
9477,0.12535127
9478,0.15759824
9479,0.10608613
9480,0.8555185
9481,0.53741395
9482,0.8814644
9483,0.43379903
9484,0.70070827
9485,0.50381994
9486,0.69821733
9487,0.16582075
9488,0.8654462
9489,0.5839316
9490,0.5983265
9491,0.3791339
9492,0.42215133
9493,0.8772835
9494,0.38705263
9495,0.15366082
9496,0.6948743
9497,0.25976312
9498,0.48010138
9499,0.11011773
9500,0.6501
9501,0.3581951
9502,0.53485334
9503,0.6605158
9504,0.8007027
9505,0.6189406
